Sample_Index,group_id,sample_id,Folder,File,SMILES,Number_of_Atoms,Calculated_HOMO,Predicted_HOMO,Baseline_HOMO_xTB,Residual_HOMO,Abs_Error_HOMO,Baseline_Residual_HOMO_xTB,Baseline_Abs_Error_HOMO_xTB,Improvement_vs_Baseline,Model_Better_Than_Baseline,High_Error_Flag_Q90,Outlier_Flag_IQR,Error_Rank
64,Group 6,Group 6/61.log,Group 6,61.log,OC1=C(SC2=C(C(SC3=C(O)C(SC4=CC([N+]([O-])=O)=CC(SC1=C5)=C4OCCCBr)=CC([N+]([O-])=O)=C3)=CC([N+]([O-])=O)=C2)OCCCBr)C=C5[N+]([O-])=O,74,-6.948193,-7.410605366890124,-11.0806,-0.4624123668901241,0.4624123668901241,-4.132407000000001,4.132407000000001,3.6699946331098765,True,True,True,1
101,Group 9,Group 9/98.log,Group 9,98.log,CC(C)(C)C1=CC(CC2=C3)=C(OCC4=CC(C5=CC=CC=C5)=NN4)C(CC6=CC(C(C)(C)C)=CC(CC7=CC(C(C)(C)C)=CC(CC(C=C3C(C)(C)C)=C2OCC8=CC(C9=CC=CC=C9)=NN8)=C7OCC%10=CC(C%11=CC=CC=C%11)=NN%10)=C6OCC%12=CC(C%13=CC=CC=C%13)=NN%12)=C1,184,-5.484105,-5.912426745113249,-9.855,-0.4283217451132497,0.4283217451132497,-4.370895000000001,4.370895000000001,3.942573254886751,True,True,True,2
72,Group 7,Group 7/69.log,Group 7,69.log,OC1=C(SC2=C(C(SC3=C(O)C(SC4=CC(/N=N/C5=CC=C([N+]([O-])=O)C=C5)=CC(SC1=C6)=C4O)=CC(/N=N/C7=CC=C([N+]([O-])=O)C=C7)=C3)=CC(/N=N/C8=CC=C([N+]([O-])=O)C=C8)=C2)O)C=C6/N=N/C9=CC=C([N+]([O-])=O)C=C9,104,-7.233718,-6.888279196590933,-10.4602,0.34543880340906696,0.34543880340906696,-3.2264820000000007,3.2264820000000007,2.8810431965909338,True,True,True,3
132,Group 11,Group 11/130.log,Group 11,130.log,CC(C1=CC2=C(OCCCCC3=CN(CCOC(C(SC(C=C4C(C)(C)C)=C5O)=C6)=C(C=C6C(C)(C)C)SC7=C(O)C(SC(C=C(C=C8SC5=C4)C(C)(C)C)=C8O)=CC(C(C)(C)C)=C7)N=N3)C(SC9=CC(C(C)(C)C)=CC(SC%10=CC(C(C)(C)C)=CC(SC%11=CC(C(C)(C)C)=CC(S2)=C%11OCCCCC%12=CN(CCOC%13=C(SC%14=C%15)C=C(C(C)(C)C)C=C%13SC%16=CC(C(C)(C)C)=CC(SC%17=CC(C(C)(C)C)=CC(SC(C=C%15C(C)(C)C)=C%14O)=C%17O)=C%16O)N=N%12)=C%10OCCCCC%18=CN(CCOC%19=C(C=C(C=C%19SC%20=C%21)C(C)(C)C)SC%22=CC(C(C)(C)C)=CC(SC%23=C(O)C(SC(C=C%21C(C)(C)C)=C%20O)=CC(C(C)(C)C)=C%23)=C%22O)N=N%18)=C9OCCCCC%24=CN(CCOC%25=C(SC(C=C%26C(C)(C)C)=C%27O)C=C(C(C)(C)C)C=C%25SC%28=C(O)C(SC%29=CC(C(C)(C)C)=CC(SC%27=C%26)=C%29O)=CC(C(C)(C)C)=C%28)N=N%24)=C1)(C)C,568,-5.885603,-5.605778124944577,-9.3586,0.2798248750554224,0.2798248750554224,-3.4729969999999994,3.4729969999999994,3.193172124944577,True,True,False,4
24,Group 3,Group 3/25.log,Group 3,25.log,OC(C(SC1=CC([N+]([O-])=O)=CC(SC2=CC([N+]([O-])=O)=CC(S3)=C2O)=C1OCCCCCCCC)=CC([N+]([O-])=O)=C4)=C4SC5=C(C3=CC([N+]([O-])=O)=C5)OCCCCCCCC,104,-7.16784,-7.434714683827339,-11.1551,-0.26687468382733925,0.26687468382733925,-3.987259999999999,3.987259999999999,3.72038531617266,True,True,False,5
106,Group 9,Group 9/103.log,Group 9,103.log,C1(C2)=C(C(CC(C=CC=C3CC4=C(OCC5=CC(C6=CC=CC=C6)=NN5)C(CC7=CC=CC2=C7OCC8=CC(C9=CC=CC=C9)=NN8)=CC=C4)=C3OCC%10=CC(C%11=CC=CC=C%11)=NN%10)=CC=C1)OCC%12=CC(C%13=CC=CC=C%13)=NN%12,136,-5.972678,-6.217215402748579,-10.0888,-0.2445374027485787,0.2445374027485787,-4.116122000000001,4.116122000000001,3.871584597251422,True,True,False,6
122,Group 10,Group 10/119.log,Group 10,119.log,CCCCCCCCOC1=CC(C2=NC=CC=C2)=NC(C3=CC=CC=N3)=C1,54,-6.539375,-6.330419485976474,-9.7634,0.20895551402352552,0.20895551402352552,-3.224025000000001,3.224025000000001,3.0150694859764755,True,False,False,7
62,Group 6,Group 6/59.log,Group 6,59.log,OC1=C(CC2=C(C(CC3=C(O)C(CC4=CC(C(C)(C)C)=CC(CC1=C5)=C4OCCCBr)=CC(C(C)(C)C)=C3)=CC(C(C)(C)C)=C2)OCCCBr)C=C5C(C)(C)C,122,-5.727671,-5.93308725833181,-9.7845,-0.20541625833180976,0.20541625833180976,-4.056829,4.056829,3.85141274166819,True,False,False,8
114,Group 10,Group 10/111.log,Group 10,111.log,C#CC1=CC(C2=NC=CC=C2)=NC(C3=CC=CC=N3)=C1,31,-6.742913,-6.546565358322612,-9.8456,0.19634764167738794,0.19634764167738794,-3.1026869999999995,3.1026869999999995,2.9063393583226116,True,False,False,9
16,Group 3,Group 3/17.log,Group 3,17.log,CC(C1=CC2=C(OCCC)C(SC3=CC(C(C)(C)C)=CC(SC4=CC(C(C)(C)C)=CC(SC5=CC(C(C)(C)C)=CC(S2)=C5OCCC)=C4OCCC)=C3OCCC)=C1)(C)C,132,-5.98993,-5.820709369700548,-9.4967,0.1692206302994519,0.1692206302994519,-3.5067700000000004,3.5067700000000004,3.3375493697005485,True,False,False,10
199,Group 15,Group 15/199.log,Group 15,199.log,CC(C)(C)C1=CC(CC2=C3)=C(OCO)C(CC4=CC(C(C)(C)C)=CC(CC5=CC(C(C)(C)C)=CC(CC(C=C3C(C)(C)C)=C2OCC(O)=O)=C5OCC(O)=O)=C4OCC(O)=O)=C1.O=[C],128,-6.154176,-6.008904404818189,-9.8308,0.14527159518181065,0.14527159518181065,-3.6766240000000003,3.6766240000000003,3.5313524048181897,True,False,False,11
135,Group 11,Group 11/133.log,Group 11,133.log,CC(C1=CC(SC2=C(O)C(SC(C=C(C=C3SC4=C5)C(C)(C)C)=C3O)=CC(C(C)(C)C)=C2)=C(OCCC6=CN(N=N6)CCOC(C(SC7=CC(C(C)(C)C)=CC(SC8=CC(C(C)(C)C)=CC(S9)=C8OCCN%10C=C(CCOC%11=C(C=C(C=C%11SC%12=C%13)C(C)(C)C)SC%14=CC(C(C)(C)C)=CC(SC%15=C(O)C(SC(C=C%13C(C)(C)C)=C%12O)=CC(C(C)(C)C)=C%15)=C%14O)N=N%10)=C7OCCN%16C=C(CCOC%17=C(SC(C=C%18C(C)(C)C)=C%19O)C=C(C(C)(C)C)C=C%17SC%20=C(O)C(SC%21=CC(C(C)(C)C)=CC(SC%19=C%18)=C%21O)=CC(C(C)(C)C)=C%20)N=N%16)=CC(C(C)(C)C)=C%22)=C%22SC%23=C(C9=CC(C(C)(C)C)=C%23)OCCN%24N=NC(CCOC%25=C(SC%26=C%27)C=C(C(C)(C)C)C=C%25SC%28=CC(C(C)(C)C)=CC(SC%29=CC(C(C)(C)C)=CC(SC(C=C%27C(C)(C)C)=C%26O)=C%29O)=C%28O)=C%24)C(SC(C=C5C(C)(C)C)=C4O)=C1)(C)C,544,-5.657167,-5.512350376108617,-9.2602,0.1448166238913835,0.1448166238913835,-3.603032999999999,3.603032999999999,3.4582163761086155,True,False,False,12
154,Group 12,Group 12/153.log,Group 12,153.log,CC(C1=CC2=C(OCCC3=CN(C4=CC(C5=NC=CC=C5)=NC(C6=CC=CC=N6)=C4)N=N3)C(SC7=CC(C(C)(C)C)=CC(SC8=CC(C(C)(C)C)=CC(SC9=CC(C(C)(C)C)=CC(S2)=C9OCCC%10=CN(C%11=CC(C%12=NC=CC=C%12)=NC(C%13=CC=CC=N%13)=C%11)N=N%10)=C8OCCC%14=CN(C%15=CC(C%16=NC=CC=C%16)=NC(C%17=CC=CC=N%17)=C%15)N=N%14)=C7OCCC%18=CN(C%19=CC(C%20=NC=CC=C%20)=NC(C%21=CC=CC=N%21)=C%19)N=N%18)=C1)(C)C,252,-5.541547,-5.681572485422366,-9.3801,-0.1400254854223668,0.1400254854223668,-3.838553000000001,3.838553000000001,3.698527514577634,True,False,False,13
14,Group 2,Group 2/15.log,Group 2,15.log,OC1=C(SC2=C(C(SC3=C(O)C(S4)=CC=C3)=CC=C2)OS(C(F)(F)F)(=O)=O)C=CC=C1SC5=C(OS(=O)(C(F)(F)F)=O)C4=CC=C5,60,-6.335211,-6.473602685687612,-10.3133,-0.13839168568761195,0.13839168568761195,-3.9780889999999998,3.9780889999999998,3.839697314312388,True,False,False,14
45,Group 4,Group 4/42.log,Group 4,42.log,CC(C1=CC2=C(OCCCC#C)C(CC3=CC(C(C)(C)C)=CC(CC4=CC(C(C)(C)C)=CC(CC5=CC(C(C)(C)C)=CC(C2)=C5OCCCC#C)=C4OCCCC#C)=C3OCCCC#C)=C1)(C)C,148,-6.100244,-5.965285511917759,-9.7552,0.13495848808224142,0.13495848808224142,-3.6549560000000003,3.6549560000000003,3.519997511917759,True,False,False,15
91,Group 8,Group 8/88.log,Group 8,88.log,OC1=C(SC2=C(C(SC3=C(O)C(SC4=CC(C(C)(C)C)=CC(SC1=C5)=C4OCCN=[N+]=[N-])=CC(C(C)(C)C)=C3)=CC(C(C)(C)C)=C2)OCCN=[N+]=[N-])C=C5C(C)(C)C,112,-5.865821,-5.998472943829144,-9.7204,-0.1326519438291438,0.1326519438291438,-3.8545789999999993,3.8545789999999993,3.7219270561708555,True,False,False,16
202,Group 15,Group 15/202.log,Group 15,202.log,OC1=C(SC2=C(C(SC3=C(O)C(SC4=CC(C(C)(C)C)=CC(SC1=C5)=C4OCCN6C(C(OC)=O)=C(C(OC)=O)N=N6)=CC(C(C)(C)C)=C3)=CC(C(C)(C)C)=C2)OCCN7N=NC(C(OC)=O)=C7C(OC)=O)C=C5C(C)(C)C,144,-6.009332,-5.888622044243682,-9.556,0.12070995575631738,0.12070995575631738,-3.5466679999999995,3.5466679999999995,3.425958044243682,True,False,False,17
180,Group 13,Group 13/180.log,Group 13,180.log,CC(C1=CC2=C(OCCOCCOCCOCCOCCOC3=C(SC4=CC(C(C)(C)C)=CC(S2)=C4OC)C=C(C(C)(C)C)C=C3S5)C(SC6=CC(C(C)(C)C)=CC5=C6OC)=C1)(C)C,134,-5.940515,-5.826307679347973,-9.604,0.1142073206520271,0.1142073206520271,-3.6634849999999988,3.6634849999999988,3.5492776793479717,True,False,False,18
250,Group 21,Group 21/250.log,Group 21,250.log,CC(C1=CC2=C(OCCSCCCCCCCC)C(SC3=CC(C(C)(C)C)=CC(SC4=CC(C(C)(C)C)=CC(SC5=CC(C(C)(C)C)=CC(S2)=C5OCCCC6=CN(C7=CC(C8=NC=CC=C8)=NC(C9=CC=CC=N9)=C7)N=N6)=C4OCCSCCCCCCCC)=C3OCCCC%10=CN(C%11=CC(C%12=NC=CC=C%12)=NC(C%13=CC=CC=N%13)=C%11)N=N%10)=C1)(C)C,242,-5.715725,-5.603047235026748,-9.3745,0.11267776497325155,0.11267776497325155,-3.6587749999999994,3.6587749999999994,3.546097235026748,True,False,False,19
42,Group 4,Group 4/39_iso.log,Group 4,39_iso.log,OC(C(SC1=CC(C(C)(C)C)=CC(SC2=CC(C(C)(C)C)=CC(S3)=C2O)=C1OCC#C)=CC(C(C)(C)C)=C4)=C4SC5=C(C3=CC(C(C)(C)C)=C5)OCC#C,106,-5.740596,-5.8456124725456124,-9.522,-0.10501647254561242,0.10501647254561242,-3.781404,3.781404,3.676387527454388,True,False,False,20
140,Group 11,Group 11/139.log,Group 11,139.log,CC(C1=CC2=C(OCCCN3C=C(CCCCOC4=C(C=C5C(C)(C)C)SC6=C(O)C(SC7=C(O)C(SC8=CC(C(C)(C)C)=CC(SC4=C5)=C8O)=CC(C(C)(C)C)=C7)=CC(C(C)(C)C)=C6)N=N3)C(SC9=CC(C(C)(C)C)=CC(SC%10=CC(C(C)(C)C)=CC(SC%11=CC(C(C)(C)C)=CC(S2)=C%11OCCCN%12C=C(CCCCOC%13=C(SC%14=C%15)C=C(C(C)(C)C)C=C%13SC%16=CC(C(C)(C)C)=CC(SC%17=CC(C(C)(C)C)=CC(SC(C=C%15C(C)(C)C)=C%14O)=C%17O)=C%16O)N=N%12)=C%10OCCCN%18N=NC(CCCCOC%19=C(C=C(C=C%19SC%20=C%21)C(C)(C)C)SC%22=CC(C(C)(C)C)=CC(SC%23=C(O)C(SC(C=C%21C(C)(C)C)=C%20O)=CC(C(C)(C)C)=C%23)=C%22O)=C%18)=C9OCCCN%24N=NC(CCCCOC%25=C(S)C=C(C(C)(C)C)C=C%25SC%26=C(O)C(SC%27=CC(C(C)(C)C)=CC(SC%28=CC(C(C)(C)C)=CC=C%28O)=C%27O)=CC(C(C)(C)C)=C%26)=C%24)=C1)(C)C,580,-5.638446,-5.536655526767998,-9.2709,0.1017904732320023,0.1017904732320023,-3.632453999999999,3.632453999999999,3.530663526767997,True,False,False,21
242,Group 19,Group 19/242.log,Group 19,242.log,CC(C1=CC2=C(OCCSCCCCCCCC)C(SC3=CC(C(C)(C)C)=CC(SC4=CC(C(C)(C)C)=CC(SC5=CC(C(C)(C)C)=CC(S2)=C5OCCCN6C(C(OC)=O)=C(C(OC)=O)N=N6)=C4OCCSCCCCCCCC)=C3OCCCN7N=NC(C(OC)=O)=C7C(OC)=O)=C1)(C)C,212,-5.808487,-5.908937539188626,-9.6554,-0.10045053918862568,0.10045053918862568,-3.846913,3.846913,3.746462460811374,True,False,False,22
181,Group 14,Group 14/181.log,Group 14,181.log,CC(C)(C1=CC(CC2=C(C(CC(C=C(C=C3C4)C(C)(C)C)=C3OCC#CC(C5=CC=CC=C5)=O)=CC(C(C)(C)C)=C2)OCC#CC(C6=CC=CC=C6)=O)=C(OCC#CC(C7=CC=CC=C7)=O)C(CC8=CC(C(C)(C)C)=CC4=C8OCC#CC(C9=CC=CC=C9)=O)=C1)C,172,-6.143346,-6.05243749397676,-9.854,0.09090850602323997,0.09090850602323997,-3.710653999999999,3.710653999999999,3.619745493976759,True,False,False,23
5,Group 1,Group 1/6.log,Group 1,6.log,OC1=C(SC2=C(C(SC3=C(O)C(SC4=CC([N+]([O-])=O)=CC(SC1=C5)=C4O)=CC([N+]([O-])=O)=C3)=CC([N+]([O-])=O)=C2)O)C=C5[N+]([O-])=O,56,-7.996061,-7.907631859164025,-11.3749,0.08842914083597542,0.08842914083597542,-3.378839,3.378839,3.2904098591640247,True,False,False,24
59,Group 5,Group 5/56.log,Group 5,56.log,CC(C1=CC2=C(OCCCC#C)C(SC3=CC(C(C)(C)C)=CC(SC4=CC(C(C)(C)C)=CC(SC5=CC(C(C)(C)C)=CC(S2)=C5OCCCCCCCCCCCC)=C4OCCCC#C)=C3OCCCCCCCCCCCC)=C1)(C)C,190,-5.786256,-5.864754566907704,-9.5346,-0.07849856690770451,0.07849856690770451,-3.7483439999999995,3.7483439999999995,3.669845433092295,True,False,False,25
89,Group 8,Group 8/86.log,Group 8,86.log,CC(C1=CC2=C(OCCCCN=[N+]=[N-])C(SC3=CC(C(C)(C)C)=CC(SC4=CC(C(C)(C)C)=CC(SC5=CC(C(C)(C)C)=CC(S2)=C5OCCCCN=[N+]=[N-])=C4OCCCCN=[N+]=[N-])=C3OCCCCN=[N+]=[N-])=C1)(C)C,152,-6.083536,-6.01565856033409,-9.922,0.0678774396659092,0.0678774396659092,-3.838464000000001,3.838464000000001,3.770586560334092,True,False,False,26
227,Group 19,Group 19/227.log,Group 19,227.log,OC1=C(SC2=C(C(SC3=C(O)C(SC4=CC(C(C)(C)C)=CC(SC1=C5)=C4OCCCSCC)=CC(C(C)(C)C)=C3)=CC(C(C)(C)C)=C2)OCCCSCC)C=C5C(C)(C)C,128,-5.645385,-5.577777192583923,-9.2929,0.06760780741607686,0.06760780741607686,-3.6475149999999994,3.6475149999999994,3.5799071925839225,True,False,False,27
186,Group 14,Group 14/186.log,Group 14,186.log,CC(C1=CC2=C(OCC#CC(C3=CC=C(C)C=C3)=O)C(CC4=CC(C(C)(C)C)=CC(CC5=CC(C(C)(C)C)=CC(CC6=CC(C(C)(C)C)=CC(C2)=C6OCC#CC(C7=CC=C(C)C=C7)=O)=C5OCC#CC(C8=CC=C(C)C=C8)=O)=C4OCC#CC(C9=CC=C(C)C=C9)=O)=C1)(C)C,184,-5.953467,-6.021013621268015,-9.8047,-0.06754662126801492,0.06754662126801492,-3.8512330000000006,3.8512330000000006,3.7836863787319857,True,False,False,28
76,Group 7,Group 7/73.log,Group 7,73.log,OCCCOC(C=C1)=CC=C1/N=N/C2=CC=C([N+]([O-])=O)C=C2,37,-6.632055,-6.565204540807476,-9.8054,0.06685045919252453,0.06685045919252453,-3.1733450000000003,3.1733450000000003,3.106494540807476,True,False,False,29
222,Group 18,Group 18/222.log,Group 18,222.log,CC(C1=CC2=C(OCCOCCOCCOCCOC3=C(SC4=CC(C(C)(C)C)=CC(S2)=C4OCCCOC5=CC(C6=NC=CC=C6)=NC(C7=CC=CC=N7)=C5)C=C(C(C)(C)C)C=C3S8)C(SC9=CC(C(C)(C)C)=CC8=C9OCCCOC%10=CC(C%11=NC=CC=C%11)=NC(C%12=CC=CC=N%12)=C%10)=C1)(C)C,159,-5.75831,-5.820525672227667,-9.5833,-0.06221567222766744,0.06221567222766744,-3.8249899999999997,3.8249899999999997,3.7627743277723322,True,False,False,30
110,Group 9,Group 9/107.log,Group 9,107.log,CC(C1=CC2=C(OCCCCC3=CC(C4=CC=CC=C4)=NN3)C(SC5=CC(C(C)(C)C)=CC(SC6=CC(C(C)(C)C)=CC(SC7=CC(C(C)(C)C)=CC(S2)=C7OCCCCC8=CC(C9=CC=CC=C9)=NN8)=C6OCCCCC%10=CC(C%11=CC=CC=C%11)=NN%10)=C5OCCCCC%12=CC(C%13=CC=CC=C%13)=NN%12)=C1)(C)C,212,-5.920352,-5.980156541920832,-9.861,-0.05980454192083151,0.05980454192083151,-3.9406480000000004,3.9406480000000004,3.880843458079169,True,False,False,31
49,Group 4,Group 4/46.log,Group 4,46.log,CC(C1=CC2=C(OCCCCC#C)C(SC3=CC(C(C)(C)C)=CC(SC4=CC(C(C)(C)C)=CC(SC5=CC(C(C)(C)C)=CC(S2)=C5OCCCCC#C)=C4OCCCCC#C)=C3OCCCCC#C)=C1)(C)C,152,-5.898964,-5.839995594496539,-9.624,0.05896840550346116,0.05896840550346116,-3.7250360000000002,3.7250360000000002,3.666067594496539,True,False,False,32
183,Group 14,Group 14/183.log,Group 14,183.log,CC(C)(C1=CC(CC2=C(C(CC(C=C(C=C3C4)C(C)(C)C)=C3OCC#CC(C5=CC=C(Cl)C=C5)=O)=CC(C(C)(C)C)=C2)OCC#CC(C6=CC=C(Cl)C=C6)=O)=C(OCC#CC(C7=CC=C(Cl)C=C7)=O)C(CC8=CC(C(C)(C)C)=CC4=C8OCC#CC(C9=CC=C(Cl)C=C9)=O)=C1)C,172,-6.354694,-6.298076259501136,-10.0083,0.056617740498864144,0.056617740498864144,-3.653606,3.653606,3.5969882595011358,True,False,False,33
0,Group 1,Group 1/1.log,Group 1,1.log,OC1=C(CC2=C(C(CC3=C(O)C(CC4=CC(C(C)(C)C)=CC(CC1=C5)=C4O)=CC(C(C)(C)C)=C3)=CC(C(C)(C)C)=C2)O)C=C5C(C)(C)C,104,-6.030502,-6.086920715648128,-9.9169,-0.05641871564812817,0.05641871564812817,-3.886398,3.886398,3.8299792843518716,True,False,False,34
209,Group 16,Group 16/209.log,Group 16,209.log,OC1=C(SC2=C(C(SC3=C(O)C(SC4=CC(C(C)(C)C)=CC(SC1=C5)=C4OCCCN6C(C(C=CC=C7)=C7C6=O)=O)=CC(C(C)(C)C)=C3)=CC(C(C)(C)C)=C2)OCCCN8C(C(C=CC=C9)=C9C8=O)=O)C=C5C(C)(C)C,142,-5.629167,-5.682474207932271,-9.35,-0.053307207932271616,0.053307207932271616,-3.720833,3.720833,3.667525792067728,True,False,False,35
163,Group 13,Group 13/162.log,Group 13,162.log,OC1=C2C=C(C(C)(C)C)C=C1SC3=C(OCCOCCOCCOCCOC4=C(S2)C=C5C(C)(C)C)C(SC6=CC(C(C)(C)C)=CC(SC4=C5)=C6O)=CC(C(C)(C)C)=C3.C,121,-5.689738,-5.64058789654433,-9.3818,0.049150103455669836,0.049150103455669836,-3.692062,3.692062,3.64291189654433,True,False,False,36
151,Group 12,Group 12/150.log,Group 12,150.log,OC1=C(SC2=C(C(SC3=C(O)C(SC4=CC(C(C)(C)C)=CC(SC1=C5)=C4OCCC6=CN(C7=CC(C8=NC=CC=C8)=NC(C9=CC=CC=N9)=C7)N=N6)=CC(C(C)(C)C)=C3)=CC(C(C)(C)C)=C2)OCCC%10=CN(C%11=CC(C%12=NC=CC=C%12)=NC(C%13=CC=CC=N%13)=C%11)N=N%10)C=C5C(C)(C)C,174,-5.641004,-5.6895794202050265,-9.3195,-0.04857542020502681,0.04857542020502681,-3.678496,3.678496,3.629920579794973,True,False,False,37
30,Group 4,Group 4/31.log,Group 4,31.log,OC1=C(SC2=C(C(S3)=CC(C(C)(C)C)=C2)OCCC#CC#CCCOC4=C(SC1=C5)C=C(C(C)(C)C)C=C4SC6=CC(C(C)(C)C)=CC3=C6O)C=C5C(C)(C)C,110,-5.631534,-5.585432031754376,-9.2919,0.04610196824562429,0.04610196824562429,-3.660366,3.660366,3.6142640317543755,True,False,False,38
148,Group 11,Group 11/147.log,Group 11,147.log,OC1=C(SC2=C3)C=C(C(C)(C)C)C=C1SC4=CC(C(C)(C)C)=CC(SC5=CC(C(C)(C)C)=CC(SC(C=C3C(C)(C)C)=C2O)=C5OCCCCC(N=N6)=CN6CCCCCOC7=C(SC8=CC(C(C)(C)C)=CC(SC9=CC(C(C)(C)C)=CC(S%10)=C9OCCCCCN%11N=NC(CCCCOC%12=C(SC%13=C%14)C=C(C(C)(C)C)C=C%12SC%15=CC(C(C)(C)C)=CC(SC%16=CC(C(C)(C)C)=CC(SC(C=C%14C(C)(C)C)=C%13O)=C%16O)=C%15O)=C%11)=C8OCCCCCN%17C=C(CCCCOC%18=C(C=C(C=C%18SC%19=C%20)C(C)(C)C)SC%21=CC(C(C)(C)C)=CC(SC%22=C(O)C(SC(C=C%20C(C)(C)C)=C%19O)=CC(C(C)(C)C)=C%22)=C%21O)N=N%17)C=C(C(C)(C)C)C=C7SC%23=CC(C(C)(C)C)=CC%10=C%23OCCCCCN%24N=NC(CCCCOC%25=C(C=C%26C(C)(C)C)SC%27=C(O)C(SC%28=C(O)C(SC%29=CC(C(C)(C)C)=CC(SC%25=C%26)=C%29O)=CC(C(C)(C)C)=C%28)=CC(C(C)(C)C)=C%27)=C%24)=C4O,604,-5.582201,-5.628110696915211,-9.3722,-0.04590969691521085,0.04590969691521085,-3.789998999999999,3.789998999999999,3.744089303084788,True,False,False,39
234,Group 19,Group 19/234.log,Group 19,234.log,CC(C1=CC2=C(OCCOCCO)C(SC3=CC(C(C)(C)C)=CC(SC4=CC(C(C)(C)C)=CC(SC5=CC(C(C)(C)C)=CC(S2)=C5OCCSCC(OC)=O)=C4OCCOCCO)=C3OCCSCC(OC)=O)=C1)(C)C,156,-5.948406,-5.990492189760878,-9.8086,-0.042086189760877524,0.042086189760877524,-3.860194,3.860194,3.8181078102391224,True,False,False,40
247,Group 20,Group 20/247.log,Group 20,247.log,CC(C1=CC2=C(OCCCSCCOCCSCCCOC3=C(SC4=CC(C(C)(C)C)=CC(S2)=C4OCCCCCCCCCCCC)C=C(C(C)(C)C)C=C3S5)C(SC6=CC(C(C)(C)C)=CC5=C6OCCCCCCCCCCCC)=C1)(C)C,199,-5.717711,-5.751266177767208,-9.5306,-0.033555177767207844,0.033555177767207844,-3.8128889999999993,3.8128889999999993,3.7793338222327915,True,False,False,41
255,Group 22,Group 22/255.log,Group 22,255.log,CC(C1=CC2=C(OCCOCCOCCOC3=C(SC4=CC(C(C)(C)C)=CC(S2)=C4OCCSC(C)=O)C=C(C(C)(C)C)C=C3S5)C(SC6=CC(C(C)(C)C)=CC5=C6OCCSC(C)=O)=C1)(C)C,138,-5.73499,-5.761841552469204,-9.5241,-0.026851552469204343,0.026851552469204343,-3.789110000000001,3.789110000000001,3.7622584475307965,True,False,False,42
108,Group 9,Group 9/105.log,Group 9,105.log,CC(C1=CC2=C(OCC3=CC(C4=CC=CC=C4)=NN3)C(SC5=CC(C(C)(C)C)=CC(SC6=CC(C(C)(C)C)=CC(SC7=CC(C(C)(C)C)=CC(S2)=C7OCC8=CC(C9=CC=CC=C9)=NN8)=C6OCC%10=CC(C%11=CC=CC=C%11)=NN%10)=C5OCC%12=CC(C%13=CC=CC=C%13)=NN%12)=C1)(C)C,176,-6.051182,-6.026737731917409,-9.8792,0.024444268082590703,0.024444268082590703,-3.828018000000001,3.828018000000001,3.8035737319174103,True,False,False,43
261,Group 22,Group 22/261.log,Group 22,261.log,CC(C1=CC2=C(OCCOCCOCCOCCOC3=C(SC4=CC(C(C)(C)C)=CC(S2)=C4OCCCSCC)C=C(C(C)(C)C)C=C3S5)C(SC6=CC(C(C)(C)C)=CC5=C6OCCCSCC)=C1)(C)C,153,-5.730501,-5.708284057042311,-9.49,0.022216942957689056,0.022216942957689056,-3.759499,3.759499,3.737282057042311,True,False,False,44
174,Group 13,Group 13/173.log,Group 13,173.log,CC(C1=CC2=C(OCCOCCOCCOCCOCCOCCOC3=C(SC4=CC(C(C)(C)C)=CC(S2)=C4OCCCBr)C=C(C(C)(C)C)C=C3S5)C(SC6=CC(C(C)(C)C)=CC5=C6OCCCBr)=C1)(C)C,153,-5.893168,-5.913466932607474,-9.7671,-0.020298932607473397,0.020298932607473397,-3.873931999999999,3.873931999999999,3.8536330673925256,True,False,False,45
172,Group 13,Group 13/171.log,Group 13,171.log,CC(C1=CC2=C(OCCOCCOCCOCCOCCOC3=C(SC4=CC(C(C)(C)C)=CC(S2)=C4OCCCBr)C=C(C(C)(C)C)C=C3S5)C(SC6=CC(C(C)(C)C)=CC5=C6OCCCBr)=C1)(C)C,146,-5.922556,-5.93336126385662,-9.8209,-0.010805263856619618,0.010805263856619618,-3.898344,3.898344,3.88753873614338,True,False,False,46
55,Group 4,Group 4/52.log,Group 4,52.log,OC1=C(SC2=C(C(SC3=C(O)C(SC4=CC(C(C)(C)C)=CC(SC1=C5)=C4OCCCC#C)=CC(C(C)(C)C)=C3)=CC(C(C)(C)C)=C2)O)C=C5C(C)(C)C,107,-5.617412,-5.608714982474828,-9.347,0.008697017525172157,0.008697017525172157,-3.7295879999999997,3.7295879999999997,3.7208909824748275,True,False,False,47
120,Group 10,Group 10/117.log,Group 10,117.log,CC(C1=CC2=C(OCCCCCOC3=CC(C4=NC=CC=C4)=NC(C5=CC=CC=N5)=C3)C(SC6=CC(C(C)(C)C)=CC(SC7=CC(C(C)(C)C)=CC(SC8=CC(C(C)(C)C)=CC(S2)=C8OCCCCCOC9=CC(C%10=NC=CC=C%10)=NC(C%11=CC=CC=N%11)=C9)=C7OCCCCCOC%12=CC(C%13=NC=CC=C%13)=NC(C%14=CC=CC=N%14)=C%12)=C6OCCCCCOC%15=CC(C%16=NC=CC=C%16)=NC(C%17=CC=CC=N%17)=C%15)=C1)(C)C,268,-5.781766,-5.776740495132033,-9.5058,0.0050255048679668235,0.0050255048679668235,-3.7240340000000005,3.7240340000000005,3.7190084951320337,True,False,False,48
92,Group 8,Group 8/89.log,Group 8,89.log,OC1=C(SC2=C(C(SC3=C(O)C(SC4=CC(C(C)(C)C)=CC(SC1=C5)=C4OCCN=[N+]=[N-])=CC(C(C)(C)C)=C3)=CC(C(C)(C)C)=C2)O)C=C5C(C)(C)C,104,-5.841984,-5.837988559900518,-9.5491,0.0039954400994819395,0.0039954400994819395,-3.707115999999999,3.707115999999999,3.7031205599005173,True,False,False,49
33,Group 4,Group 4/34.log,Group 4,34.log,OC1=C(SC2=C(C(SC3=C(O)C(SC4=CC(C(C)(C)C)=CC(SC1=C5)=C4OCC=C)=CC(C(C)(C)C)=C3)=CC(C(C)(C)C)=C2)OCC=C)C=C5C(C)(C)C,110,-5.643371,-5.639914916754767,-9.3449,0.0034560832452328327,0.0034560832452328327,-3.7015290000000007,3.7015290000000007,3.698072916754768,True,False,False,50
239,Group 19,Group 19/239.log,Group 19,239.log,CC(C1=CC2=C(OCCSCCCCCCCC)C(SC3=CC(C(C)(C)C)=CC(SC4=CC(C(C)(C)C)=CC(SC5=CC(C(C)(C)C)=CC(S2)=C5OCCCCC#C)=C4OCCSCCCCCCCC)=C3OCCCCC#C)=C1)(C)C,186,-5.882039,-5.883596671366654,-9.6731,-0.0015576713666538566,0.0015576713666538566,-3.791061,3.791061,3.789503328633346,True,False,False,51
219,Group 17,Group 17/219.log,Group 17,219.log,CC(C1=CC2=C(OCCCCC3=CC(C4=CC=CC=C4)=NO3)C(SC5=CC(C(C)(C)C)=CC(SC6=CC(C(C)(C)C)=CC(SC7=CC(C(C)(C)C)=CC(S2)=C7OCCCCC8=CC(C9=CC=CC=C9)=NO8)=C6OCCCCC%10=CC(C%11=CC=CC=C%11)=NO%10)=C5OCCCCC%12=CC(C%13=CC=CC=C%13)=NO%12)=C1)(C)C,208,-5.930556,-5.931967818930759,-9.7215,-0.0014118189307588125,0.0014118189307588125,-3.7909440000000005,3.7909440000000005,3.7895321810692417,True,False,False,52
211,Group 16,Group 16/211.log,Group 16,211.log,CC(C1=CC2=C(OCCOCCOCCOCCOCCOC3=C(SC4=CC(C(C)(C)C)=CC(S2)=C4OCCN5C(C(C=CC=C6)C6C5=O)=O)C=C(C(C)(C)C)C=C3S7)C(SC8=CC(C(C)(C)C)=CC7=C8OCCN9C(C(C=CC=C%10)C%10C9=O)=O)=C1)(C)C,172,-5.818936,-5.818902827723771,-9.6011,3.317227622900987e-05,3.317227622900987e-05,-3.7821640000000007,3.7821640000000007,3.7821308277237717,True,False,False,53
