selection_scope,repeat,model,target,best_params_json,optimization_mean_MAE,MAE,RMSE,R2,MedAE,Q90_AE,Q95_AE,Max_AE,n_samples
frozen_training_partition_only,1,LinearRegression,HOMO,{},0.11665248214545601,0.1279716389449518,0.18838174795694224,0.7438739777804835,0.0860516935634612,0.29058248703441747,0.43950670450511237,0.5566247418874664,45
frozen_training_partition_only,2,LinearRegression,HOMO,{},0.11665248214545601,0.09399691835349493,0.13446395556337443,0.8180414157913856,0.05287623127722885,0.2218597584207492,0.27875233816925576,0.45195235023401725,45
frozen_training_partition_only,3,LinearRegression,HOMO,{},0.11665248214545601,0.10410872920992441,0.14558358770088767,0.8190016509756859,0.06692438684453439,0.2633481454099295,0.2936754506779259,0.4626878871723301,45
frozen_training_partition_only,4,LinearRegression,HOMO,{},0.11665248214545601,0.13923457887341903,0.19728532941758972,0.8111675372627644,0.09534144811401912,0.3022657523280545,0.42532041326284253,0.6111793705241642,45
frozen_training_partition_only,5,LinearRegression,HOMO,{},0.11665248214545601,0.11795054534548977,0.15487070148794532,0.8495983557505312,0.08512945368513236,0.25859113760847224,0.29611980598108223,0.3869782402599222,45
frozen_training_partition_only,1,Ridge,HOMO,"{""alpha"": 0.00010347232636440268}",0.11782636062842436,0.1289223972713741,0.18927138804065347,0.7414491354898134,0.07746105695279493,0.288569173801876,0.43865546084721146,0.562245807110962,45
frozen_training_partition_only,2,Ridge,HOMO,"{""alpha"": 0.00010347232636440268}",0.11782636062842436,0.09572980163267722,0.1355389455846822,0.815120401735653,0.06199609294862096,0.21996989932732766,0.2770101596243627,0.4515952594574193,45
frozen_training_partition_only,3,Ridge,HOMO,"{""alpha"": 0.00010347232636440268}",0.11782636062842436,0.10468263863974475,0.1463692865903374,0.8170427220796784,0.06914367714324499,0.26571023428292834,0.2951571483796801,0.46312004464150736,45
frozen_training_partition_only,4,Ridge,HOMO,"{""alpha"": 0.00010347232636440268}",0.11782636062842436,0.1397434502409577,0.19788491483644033,0.8100180018023445,0.09342345668236085,0.30541645756030894,0.4247237891974696,0.6127173470842795,45
frozen_training_partition_only,5,Ridge,HOMO,"{""alpha"": 0.00010347232636440268}",0.11782636062842436,0.1200535153573679,0.15602246258285188,0.8473529872254771,0.09391151299765355,0.2565694365191346,0.2950365073823782,0.3845141288722953,45
frozen_training_partition_only,1,ElasticNet,HOMO,"{""alpha"": 0.00010569580324152556, ""l1_ratio"": 0.6973272756279867}",0.11807930799943496,0.129166677518455,0.1891662034389183,0.7417364268045528,0.08165822283454549,0.28978026273544605,0.4393010173075417,0.5584666806673138,45
frozen_training_partition_only,2,ElasticNet,HOMO,"{""alpha"": 0.00010569580324152556, ""l1_ratio"": 0.6973272756279867}",0.11807930799943496,0.0956790476028634,0.13524537654167262,0.815920410152708,0.06594174100165962,0.2221324206269781,0.27513692402480083,0.4498405344819876,45
frozen_training_partition_only,3,ElasticNet,HOMO,"{""alpha"": 0.00010569580324152556, ""l1_ratio"": 0.6973272756279867}",0.11807930799943496,0.10529004431750805,0.14679556920893347,0.8159754889230673,0.07101101120658093,0.2668795622971663,0.29607131086021105,0.46365559140745916,45
frozen_training_partition_only,4,ElasticNet,HOMO,"{""alpha"": 0.00010569580324152556, ""l1_ratio"": 0.6973272756279867}",0.11807930799943496,0.13964173407565977,0.1979975833054096,0.8098016025432608,0.09683107891925768,0.307113879139361,0.42304333072232736,0.6152263201878654,45
frozen_training_partition_only,5,ElasticNet,HOMO,"{""alpha"": 0.00010569580324152556, ""l1_ratio"": 0.6973272756279867}",0.11807930799943496,0.12061903648268861,0.15645660043504508,0.8465023142617143,0.09351854545138583,0.25762094538209585,0.29598492253378583,0.38208604521796996,45
frozen_training_partition_only,1,KernelRidge,HOMO,"{""alpha"": 0.2178247770033822, ""gamma"": 0.259700984126176}",0.10042669793167333,0.11135372538615482,0.1574651672530982,0.821044497028858,0.06745032305002141,0.24866742079910686,0.33836726622934027,0.5117322717041297,45
frozen_training_partition_only,2,KernelRidge,HOMO,"{""alpha"": 0.2178247770033822, ""gamma"": 0.259700984126176}",0.10042669793167333,0.08326853214707207,0.13349982378701067,0.8206414153515136,0.043270146930080244,0.18426099478984492,0.29844980734245247,0.5622930703053033,45
frozen_training_partition_only,3,KernelRidge,HOMO,"{""alpha"": 0.2178247770033822, ""gamma"": 0.259700984126176}",0.10042669793167333,0.08745822024317113,0.12901235596402086,0.8578612832131995,0.051212743718486387,0.26113699860751116,0.31867607847595164,0.3448482965386539,45
frozen_training_partition_only,4,KernelRidge,HOMO,"{""alpha"": 0.2178247770033822, ""gamma"": 0.259700984126176}",0.10042669793167333,0.1267391644163674,0.21146797155444097,0.7830416978903658,0.06560049782930566,0.29286514436230626,0.42485825576397507,0.8635832275346811,45
frozen_training_partition_only,5,KernelRidge,HOMO,"{""alpha"": 0.2178247770033822, ""gamma"": 0.259700984126176}",0.10042669793167333,0.09331384746560124,0.13185958694384717,0.8909721431984694,0.0685321482956649,0.22736000444805923,0.29087931376832504,0.4164874396850218,45
frozen_training_partition_only,1,RandomForest,HOMO,"{""max_depth"": 18, ""max_features"": null, ""min_samples_leaf"": 3, ""min_samples_split"": 2, ""n_estimators"": 883}",0.09212888222683982,0.1036853534864996,0.14429656570642885,0.8497245455858453,0.06835581913689914,0.25317759926784006,0.3260804616635932,0.41044893452305153,45
frozen_training_partition_only,2,RandomForest,HOMO,"{""max_depth"": 18, ""max_features"": null, ""min_samples_leaf"": 3, ""min_samples_split"": 2, ""n_estimators"": 883}",0.09212888222683982,0.07091894843594407,0.104709927807978,0.8896591046703527,0.04741214073074751,0.1741027117977064,0.2555662647718254,0.31435667593336714,45
frozen_training_partition_only,3,RandomForest,HOMO,"{""max_depth"": 18, ""max_features"": null, ""min_samples_leaf"": 3, ""min_samples_split"": 2, ""n_estimators"": 883}",0.09212888222683982,0.07272941906587996,0.10653205401064023,0.9030806753656653,0.03985126925391569,0.20299726237334004,0.2660333355033553,0.2895853063817162,45
frozen_training_partition_only,4,RandomForest,HOMO,"{""max_depth"": 18, ""max_features"": null, ""min_samples_leaf"": 3, ""min_samples_split"": 2, ""n_estimators"": 883}",0.09212888222683982,0.12045079948077607,0.19492545267810327,0.8156580498969872,0.0596379183908482,0.23753508874370352,0.3231227930749733,0.8337419518052673,45
frozen_training_partition_only,5,RandomForest,HOMO,"{""max_depth"": 18, ""max_features"": null, ""min_samples_leaf"": 3, ""min_samples_split"": 2, ""n_estimators"": 883}",0.09212888222683982,0.0928598906650995,0.13387234428662087,0.8876182500937811,0.05578565792398926,0.22054800439748115,0.33311547368409195,0.39767818705239666,45
frozen_training_partition_only,1,XGBoost,HOMO,"{""colsample_bytree"": 0.77047753309585, ""gamma"": 6.49951286212764e-05, ""learning_rate"": 0.03414819733643397, ""max_depth"": 5, ""min_child_weight"": 1, ""n_estimators"": 534, ""reg_alpha"": 8.729350985474353e-05, ""reg_lambda"": 1.7950672180441678e-05, ""subsample"": 0.8066576753276967}",0.09169839784335673,0.1065293610087077,0.1464972059589838,0.8451059470558903,0.06768338241577077,0.2604970461090091,0.2951636338256833,0.48438420445251396,45
frozen_training_partition_only,2,XGBoost,HOMO,"{""colsample_bytree"": 0.77047753309585, ""gamma"": 6.49951286212764e-05, ""learning_rate"": 0.03414819733643397, ""max_depth"": 5, ""min_child_weight"": 1, ""n_estimators"": 534, ""reg_alpha"": 8.729350985474353e-05, ""reg_lambda"": 1.7950672180441678e-05, ""subsample"": 0.8066576753276967}",0.09169839784335673,0.08387200820617689,0.1206357787063834,0.8535420175617365,0.05750289854431223,0.18736055610351543,0.30177080944213797,0.3365561116180418,45
frozen_training_partition_only,3,XGBoost,HOMO,"{""colsample_bytree"": 0.77047753309585, ""gamma"": 6.49951286212764e-05, ""learning_rate"": 0.03414819733643397, ""max_depth"": 5, ""min_child_weight"": 1, ""n_estimators"": 534, ""reg_alpha"": 8.729350985474353e-05, ""reg_lambda"": 1.7950672180441678e-05, ""subsample"": 0.8066576753276967}",0.09169839784335673,0.06790126392076296,0.09987515457012394,0.9148146902576397,0.03723150025940036,0.17918491120910718,0.22232026063537622,0.3315091018829355,45
frozen_training_partition_only,4,XGBoost,HOMO,"{""colsample_bytree"": 0.77047753309585, ""gamma"": 6.49951286212764e-05, ""learning_rate"": 0.03414819733643397, ""max_depth"": 5, ""min_child_weight"": 1, ""n_estimators"": 534, ""reg_alpha"": 8.729350985474353e-05, ""reg_lambda"": 1.7950672180441678e-05, ""subsample"": 0.8066576753276967}",0.09169839784335673,0.11036167727491594,0.17336349841436755,0.8541849338668768,0.06614846638488725,0.27629928380737334,0.3704379969299311,0.6226922431335442,45
frozen_training_partition_only,5,XGBoost,HOMO,"{""colsample_bytree"": 0.77047753309585, ""gamma"": 6.49951286212764e-05, ""learning_rate"": 0.03414819733643397, ""max_depth"": 5, ""min_child_weight"": 1, ""n_estimators"": 534, ""reg_alpha"": 8.729350985474353e-05, ""reg_lambda"": 1.7950672180441678e-05, ""subsample"": 0.8066576753276967}",0.09169839784335673,0.08982767880622024,0.1272475940957963,0.8984655986149465,0.05704006286621066,0.20700999592895572,0.30575853009033127,0.3746552807006829,45
frozen_training_partition_only,1,LinearRegression,LUMO,{},0.1630545607037088,0.17382217136056685,0.3042341806051783,0.815983008492839,0.1327976176364224,0.2914049444941869,0.4111858863428414,1.688210041651189,45
frozen_training_partition_only,2,LinearRegression,LUMO,{},0.1630545607037088,0.1611621853023856,0.3038699512387004,0.7996687207944757,0.09214304421742847,0.3225792283069977,0.43145130638160983,1.6626026162524754,45
frozen_training_partition_only,3,LinearRegression,LUMO,{},0.1630545607037088,0.16815002651615765,0.22431825383033155,0.8669602542836534,0.11665430113449005,0.35800757273963046,0.4674824509962747,0.6886200893211343,45
frozen_training_partition_only,4,LinearRegression,LUMO,{},0.1630545607037088,0.1615799229959682,0.21515496236789047,0.9148327887793452,0.10547208487045545,0.3538599320653429,0.3939942584706914,0.7268305815010528,45
frozen_training_partition_only,5,LinearRegression,LUMO,{},0.1630545607037088,0.15055849734346557,0.19864005417340977,0.9075766625090987,0.12451223751322149,0.3399479538622429,0.3843786705155408,0.5065230996809369,45
frozen_training_partition_only,1,Ridge,LUMO,"{""alpha"": 273.77653285195896}",0.1344832102550651,0.13486311917438784,0.2804158956846321,0.8436682561193168,0.0858842272347975,0.2655992550866426,0.2811805092725058,1.6750521289614548,45
frozen_training_partition_only,2,Ridge,LUMO,"{""alpha"": 273.77653285195896}",0.1344832102550651,0.1414745771779182,0.2872886104653025,0.8209352629126421,0.07626349755321149,0.2715631876357265,0.35408871734712544,1.6710267604012294,45
frozen_training_partition_only,3,Ridge,LUMO,"{""alpha"": 273.77653285195896}",0.1344832102550651,0.12090676952356305,0.17332305437082796,0.920573606618541,0.07719891920839705,0.3147812023146669,0.3710773589076269,0.57371438821469,45
frozen_training_partition_only,4,Ridge,LUMO,"{""alpha"": 273.77653285195896}",0.1344832102550651,0.13790725705288145,0.19079344223823638,0.9330274894616976,0.10196580853457127,0.30864057031175707,0.379143294953396,0.5615465160888631,45
frozen_training_partition_only,5,Ridge,LUMO,"{""alpha"": 273.77653285195896}",0.1344832102550651,0.13726432834657493,0.18158920777355653,0.9227625254529879,0.10889173995540757,0.3279276787904068,0.3541807152111279,0.5328289497187413,45
frozen_training_partition_only,1,ElasticNet,LUMO,"{""alpha"": 0.04966371986205367, ""l1_ratio"": 0.804134553632161}",0.13731081782153443,0.1412780860612808,0.286933158987435,0.8363170683097,0.08705441232568623,0.23902114479311595,0.34261643876080383,1.6934911859945299,45
frozen_training_partition_only,2,ElasticNet,LUMO,"{""alpha"": 0.04966371986205367, ""l1_ratio"": 0.804134553632161}",0.13731081782153443,0.1422163570558622,0.29132484425121197,0.8158684123761637,0.08942019078468388,0.33817510856145916,0.3544568148906474,1.6955183517186416,45
frozen_training_partition_only,3,ElasticNet,LUMO,"{""alpha"": 0.04966371986205367, ""l1_ratio"": 0.804134553632161}",0.13731081782153443,0.12851322329290538,0.1798512101957017,0.9144777922014264,0.08834753471189472,0.3132654962827938,0.4067345880340065,0.5808235269226425,45
frozen_training_partition_only,4,ElasticNet,LUMO,"{""alpha"": 0.04966371986205367, ""l1_ratio"": 0.804134553632161}",0.13731081782153443,0.13844959469976872,0.18935413571435714,0.9340341318499836,0.11248004045977988,0.32645869033598984,0.3658690427977982,0.5462631903478702,45
frozen_training_partition_only,5,ElasticNet,LUMO,"{""alpha"": 0.04966371986205367, ""l1_ratio"": 0.804134553632161}",0.13731081782153443,0.13609682799785477,0.17346324305775745,0.9295204827673774,0.10793620704004425,0.2916077362897605,0.3379741388685258,0.49927932861440993,45
frozen_training_partition_only,1,KernelRidge,LUMO,"{""alpha"": 0.6434067694148241, ""gamma"": 0.05002253264316172}",0.12962015624025075,0.12685002154187414,0.2680050282546345,0.8572001339517425,0.055504657120465345,0.21904958394244833,0.3135524067070184,1.5904196630843153,45
frozen_training_partition_only,2,KernelRidge,LUMO,"{""alpha"": 0.6434067694148241, ""gamma"": 0.05002253264316172}",0.12962015624025075,0.13156456566361238,0.2761698199837229,0.8345275544076671,0.05877583096168437,0.299695496346935,0.38482345523069333,1.566421818026459,45
frozen_training_partition_only,3,KernelRidge,LUMO,"{""alpha"": 0.6434067694148241, ""gamma"": 0.05002253264316172}",0.12962015624025075,0.1265207028492288,0.17895337230432656,0.9153295342460606,0.0760168425060912,0.261905112768249,0.3319319539958585,0.633883403715664,45
frozen_training_partition_only,4,KernelRidge,LUMO,"{""alpha"": 0.6434067694148241, ""gamma"": 0.05002253264316172}",0.12962015624025075,0.1489110320484171,0.22375044937530872,0.9078919634337773,0.09924891108446274,0.31887870500268756,0.36647687314314775,0.8541599745952171,45
frozen_training_partition_only,5,KernelRidge,LUMO,"{""alpha"": 0.6434067694148241, ""gamma"": 0.05002253264316172}",0.12962015624025075,0.11425445909812107,0.1812686849088296,0.9230349483374306,0.056967676692496694,0.3348015693828352,0.39778205180425175,0.6274729871400586,45
frozen_training_partition_only,1,RandomForest,LUMO,"{""max_depth"": 17, ""max_features"": ""log2"", ""min_samples_leaf"": 4, ""min_samples_split"": 7, ""n_estimators"": 748}",0.11873132959050721,0.11717039730823961,0.27116650543428666,0.8538112326407872,0.05010798116237902,0.2107471572280282,0.3067274671349575,1.6326061572059363,45
frozen_training_partition_only,2,RandomForest,LUMO,"{""max_depth"": 17, ""max_features"": ""log2"", ""min_samples_leaf"": 4, ""min_samples_split"": 7, ""n_estimators"": 748}",0.11873132959050721,0.13151025253273446,0.2730787801032787,0.8382109368948379,0.06896910312326376,0.232746050491724,0.319225629021122,1.5758417147873027,45
frozen_training_partition_only,3,RandomForest,LUMO,"{""max_depth"": 17, ""max_features"": ""log2"", ""min_samples_leaf"": 4, ""min_samples_split"": 7, ""n_estimators"": 748}",0.11873132959050721,0.10664195801896786,0.15569019801063425,0.9359122954052792,0.05811714607331675,0.25554074420809314,0.35504447499536584,0.5254585108594347,45
frozen_training_partition_only,4,RandomForest,LUMO,"{""max_depth"": 17, ""max_features"": ""log2"", ""min_samples_leaf"": 4, ""min_samples_split"": 7, ""n_estimators"": 748}",0.11873132959050721,0.12497193127382629,0.17728462558751604,0.9421755059772912,0.07954404197379789,0.3026172885226874,0.3395231302684836,0.5685575676133441,45
frozen_training_partition_only,5,RandomForest,LUMO,"{""max_depth"": 17, ""max_features"": ""log2"", ""min_samples_leaf"": 4, ""min_samples_split"": 7, ""n_estimators"": 748}",0.11873132959050721,0.11336210881876765,0.16586054331707872,0.935563170344039,0.05076581376461764,0.2658161296759583,0.34580625787116853,0.5395664461094745,45
frozen_training_partition_only,1,XGBoost,LUMO,"{""colsample_bytree"": 0.712045954229751, ""gamma"": 0.004279058807822506, ""learning_rate"": 0.0019427274856389399, ""max_depth"": 7, ""min_child_weight"": 10, ""n_estimators"": 1361, ""reg_alpha"": 0.00017046360402012099, ""reg_lambda"": 3.8433402399478727, ""subsample"": 0.8289324399978041}",0.11385488608601886,0.12371411919013126,0.2766786249106272,0.8478075414759597,0.06168760086059555,0.22741609006957964,0.28211915267944315,1.6653172980957027,45
frozen_training_partition_only,2,XGBoost,LUMO,"{""colsample_bytree"": 0.712045954229751, ""gamma"": 0.004279058807822506, ""learning_rate"": 0.0019427274856389399, ""max_depth"": 7, ""min_child_weight"": 10, ""n_estimators"": 1361, ""reg_alpha"": 0.00017046360402012099, ""reg_lambda"": 3.8433402399478727, ""subsample"": 0.8289324399978041}",0.11385488608601886,0.1321455002061632,0.2778664761177821,0.8324881408566256,0.07335104290771532,0.2673622559997557,0.31485445259399386,1.6243569862060543,45
frozen_training_partition_only,3,XGBoost,LUMO,"{""colsample_bytree"": 0.712045954229751, ""gamma"": 0.004279058807822506, ""learning_rate"": 0.0019427274856389399, ""max_depth"": 7, ""min_child_weight"": 10, ""n_estimators"": 1361, ""reg_alpha"": 0.00017046360402012099, ""reg_lambda"": 3.8433402399478727, ""subsample"": 0.8289324399978041}",0.11385488608601886,0.09919281595052083,0.15202643824421386,0.9388930768936309,0.0603626434020994,0.2608216088012696,0.33623668084106395,0.523535995513916,45
frozen_training_partition_only,4,XGBoost,LUMO,"{""colsample_bytree"": 0.712045954229751, ""gamma"": 0.004279058807822506, ""learning_rate"": 0.0019427274856389399, ""max_depth"": 7, ""min_child_weight"": 10, ""n_estimators"": 1361, ""reg_alpha"": 0.00017046360402012099, ""reg_lambda"": 3.8433402399478727, ""subsample"": 0.8289324399978041}",0.11385488608601886,0.11390632462972013,0.1657362993563406,0.9494635225207155,0.07024248800659172,0.2723364082458495,0.2957650567199712,0.591355982147217,45
frozen_training_partition_only,5,XGBoost,LUMO,"{""colsample_bytree"": 0.712045954229751, ""gamma"": 0.004279058807822506, ""learning_rate"": 0.0019427274856389399, ""max_depth"": 7, ""min_child_weight"": 10, ""n_estimators"": 1361, ""reg_alpha"": 0.00017046360402012099, ""reg_lambda"": 3.8433402399478727, ""subsample"": 0.8289324399978041}",0.11385488608601886,0.10031567045355896,0.14676194516269508,0.9495484032706716,0.05546473831176746,0.25756407389526326,0.3289150199829105,0.4963354445190431,45
