Sample_Index,group_id,sample_id,Folder,File,SMILES,Number_of_Atoms,Calculated_LUMO,Predicted_LUMO,Baseline_LUMO_xTB,Residual_LUMO,Abs_Error_LUMO,Baseline_Residual_LUMO_xTB,Baseline_Abs_Error_LUMO_xTB,Improvement_vs_Baseline,Model_Better_Than_Baseline,High_Error_Flag_Q90,Outlier_Flag_IQR,Error_Rank
6,Group 1,Group 1/7.log,Group 1,7.log,OC1=C(SC2=C(C(SC3=C(O)C(SC4=CC([NH3+])=CC(SC1=C5)=C4O)=CC([NH3])=C3)=CC([NH3])=C2)O)C=C5[NH3].Cl[Sn-](Cl)(Cl)(Cl)Cl.Cl[Sn-](Cl)(Cl)([Cl+])Cl.Cl[Sn](Cl)(Cl)(Cl)Cl.Cl[Sn](Cl)(Cl)(Cl)Cl,84,-3.427389,-3.987633888019751,-10.2584,-0.560244888019751,0.560244888019751,-6.831011,6.831011,6.270766111980249,True,True,True,1
21,Group 3,Group 3/22.log,Group 3,22.log,OC1=C(SC2=C(C(SC3=C(O)C(S4)=CC([N+]([O-])=O)=C3)=CC=C2)OCCCCCCCCCCCC)C=C([N+]([O-])=O)C=C1SC5=C(OCCCCCCCCCCCC)C4=CC=C5,124,-2.372745,-2.901925067422563,-8.9491,-0.5291800674225628,0.5291800674225628,-6.5763549999999995,6.5763549999999995,6.047174932577437,True,True,True,2
17,Group 3,Group 3/18.log,Group 3,18.log,BrC1=CC(SC2=CC(Br)=CC(SC3=C(OCCCC)C(SC4=CC(Br)=CC(SC5=C1)=C4OCCCC)=CC(Br)=C3)=C2OCCCC)=C5OCCCC,96,-1.384795,-1.8444377788266832,-7.841,-0.45964277882668325,0.45964277882668325,-6.456205000000001,6.456205000000001,5.996562221173317,True,True,True,3
2,Group 1,Group 1/3.log,Group 1,3.log,OC1=C(CC2=CC(C(C)(C)C)=CC3=C2O)C=C(C(C)(C)C)C=C1CC4=C(O)C(CC5=CC(C(C)(C)C)=CC(CC6=CC(C(C)(C)C)=CC(CC7=CC(C(C)(C)C)=CC(CC8=CC(C(C)(C)C)=CC(CC(C=C(C(C)(C)C)C=C9C3)=C9O)=C8O)=C7O)=C6O)=C5O)=CC(C(C)(C)C)=C4,208,-0.580329,-0.160570908028701,-5.9846,0.419758091971299,0.419758091971299,-5.4042710000000005,5.4042710000000005,4.984512908028702,True,True,False,4
23,Group 3,Group 3/24.log,Group 3,24.log,BrC(C=C1S2)=CC(SC3=CC(Br)=CC(SC4=C(O[Si](C)(C)C(C)(C)C)C(SC5=CC(Br)=CC2=C5O)=CC(Br)=C4)=C3OCCCCCCCCCCCC)=C1O[Si](C)(C)C(C)(C)C,126,-1.497122,-1.8902102859927439,-7.8821,-0.3930882859927438,0.3930882859927438,-6.384978,6.384978,5.9918897140072565,True,True,False,5
0,Group 1,Group 1/1.log,Group 1,1.log,OC1=C(CC2=C(C(CC3=C(O)C(CC4=CC(C(C)(C)C)=CC(CC1=C5)=C4O)=CC(C(C)(C)C)=C3)=CC(C(C)(C)C)=C2)O)C=C5C(C)(C)C,104,-0.610805,-0.22676193801791733,-6.0708,0.3840430619820827,0.3840430619820827,-5.459995,5.459995,5.075951938017917,True,False,False,6
24,Group 3,Group 3/25.log,Group 3,25.log,OC(C(SC1=CC([N+]([O-])=O)=CC(SC2=CC([N+]([O-])=O)=CC(S3)=C2O)=C1OCCCCCCCC)=CC([N+]([O-])=O)=C4)=C4SC5=C(C3=CC([N+]([O-])=O)=C5)OCCCCCCCC,104,-2.900448,-3.2007412056428386,-9.3726,-0.3002932056428387,0.3002932056428387,-6.472152,6.472152,6.171858794357162,True,False,False,7
10,Group 1,Group 1/11.log,Group 1,11.log,OC1=C(SC2=C(C(SC3=C(O)C(SC4=CC(S(=O)([O-])=O)=CC(SC1=C5)=C4O)=CC(S(=O)([O-])=O)=C3)=CC(S(=O)([O-])=O)=C2)O)C=C5S(=O)([O-])=O.[Na+].[Na+].[Na+].[Na+],64,-2.3285,-2.0291638092747277,-8.1793,0.2993361907252723,0.2993361907252723,-5.8508,5.8508,5.551463809274727,True,False,False,8
5,Group 1,Group 1/6.log,Group 1,6.log,OC1=C(SC2=C(C(SC3=C(O)C(SC4=CC([N+]([O-])=O)=CC(SC1=C5)=C4O)=CC([N+]([O-])=O)=C3)=CC([N+]([O-])=O)=C2)O)C=C5[N+]([O-])=O,56,-2.874298,-3.163701348308832,-9.4569,-0.2894033483088321,0.2894033483088321,-6.582602,6.582602,6.293198651691167,True,False,False,9
114,Group 10,Group 10/111.log,Group 10,111.log,C#CC1=CC(C2=NC=CC=C2)=NC(C3=CC=CC=N3)=C1,31,-1.746946,-1.516157976554716,-7.485,0.23078802344528415,0.23078802344528415,-5.738054,5.738054,5.507265976554716,True,False,False,10
9,Group 1,Group 1/10.log,Group 1,10.log,OC1=C(SC2=C(C(SC3=C(O)C(SC4=CC(Br)=CC(SC1=C5)=C4O)=CC(Br)=C3)=CC(Br)=C2)O)C=C5Br,48,-1.818647,-2.0314742892047724,-8.1787,-0.21282728920477245,0.21282728920477245,-6.360052999999999,6.360052999999999,6.147225710795226,True,False,False,11
25,Group 3,Group 3/26.log,Group 3,26.log,OC1=C2C=CC=C1SC3=CC=CC(SC4=C(C(SC(C=CC=C5S2)=C5OCCCCCCCCCCCC)=CC=C4)OCCCCCCCCCCCC)=C3OCCCCCCCCCCCC,156,-0.99546,-1.1874624571236563,-7.0519,-0.19200245712365627,0.19200245712365627,-6.05644,6.05644,5.864437542876344,True,False,False,12
252,Group 21,Group 21/249.log,Group 21,249.log,CC(C1=CC2=C(OCCSCCCCCCCC)C(SC3=CC(C(C)(C)C)=CC(SC4=CC(C(C)(C)C)=CC(SC5=CC(C(C)(C)C)=CC(S2)=C5OCCC6=CN(C7=CC(C8=NC=CC=C8)=NC(C9=CC=CC=N9)=C7)N=N6)=C4OCCSCCCCCCCC)=C3OCCC%10=CN(C%11=CC(C%12=NC=CC=C%12)=NC(C%13=CC=CC=N%13)=C%11)N=N%10)=C1)(C)C,236,-1.918403,-2.096133064406968,-8.0208,-0.1777300644069677,0.1777300644069677,-6.102397,6.102397,5.924666935593033,True,False,False,13
7,Group 1,Group 1/8.log,Group 1,8.log,OC1=C(SC2=C(C(SC3=C(O)C(SC4=CC(CBr)=CC(SC1=C5)=C4O)=CC(CBr)=C3)=CC(CBr)=C2)O)C=C5CBr,60,-1.659626,-1.8298222814627358,-7.9207,-0.1701962814627358,0.1701962814627358,-6.261074,6.261074,6.090877718537264,True,False,False,14
254,Group 21,Group 21/251.log,Group 21,251.log,CC(C1=CC2=C(OCCSCCCCCCCC)C(SC3=CC(C(C)(C)C)=CC(SC4=CC(C(C)(C)C)=CC(SC5=CC(C(C)(C)C)=CC(S2)=C5OCCCCC6=CN(C7=CC(C8=NC=CC=C8)=NC(C9=CC=CC=N9)=C7)N=N6)=C4OCCSCCCCCCCC)=C3OCCCCC%10=CN(C%11=CC(C%12=NC=CC=C%12)=NC(C%13=CC=CC=N%13)=C%11)N=N%10)=C1)(C)C,248,-1.781314,-1.8962002346361722,-7.8056,-0.11488623463617209,0.11488623463617209,-6.024286,6.024286,5.909399765363828,True,False,False,15
126,Group 10,Group 10/123.log,Group 10,123.log,CC(C1=CC2=C(OCCCCCCCCCCCC)C(SC3=CC(C(C)(C)C)=CC(SC4=CC(C(C)(C)C)=CC(SC5=CC(C(C)(C)C)=CC(S2)=C5OCCCOC6=CC(C7=NC=CC=C7)=NC(C8=CC=CC=N8)=C6)=C4OCCCCCCCCCCCC)=C3OCCCOC9=CC(C%10=NC=CC=C%10)=NC(C%11=CC=CC=N%11)=C9)=C1)(C)C,254,-1.393258,-1.4874537742129306,-7.361,-0.09419577421293046,0.09419577421293046,-5.967741999999999,5.967741999999999,5.873546225787069,True,False,False,16
3,Group 1,Group 1/4.log,Group 1,4.log,OC1=C(SC2=C(C(SC3=C(O)C(SC4=CC(C(C)(C)C)=CC(SC1=C5)=C4O)=CC(C(C)(C)C)=C3)=CC(C(C)(C)C)=C2)O)C=C5C(C)(C)C,96,-1.185202,-1.0925303721267712,-7.0091,0.09267162787322891,0.09267162787322891,-5.823898,5.823898,5.731226372126771,True,False,False,17
116,Group 10,Group 10/113.log,Group 10,113.log,OCCNC1=CC(C2=NC=CC=C2)=NC(C3=CC=CC=N3)=C1,38,-1.349393,-1.257366454618884,-7.1812,0.09202654538111599,0.09202654538111599,-5.8318069999999995,5.8318069999999995,5.7397804546188835,True,False,False,18
115,Group 10,Group 10/112.log,Group 10,112.log,OC1=CC(C2=NC=CC=C2)=NC(C3=CC=CC=N3)=C1,30,-1.519381,-1.4296539583693813,-7.4044,0.08972704163061884,0.08972704163061884,-5.885019,5.885019,5.795291958369381,True,False,False,19
256,Group 21,Group 21/253.log,Group 21,253.log,CC(C1=CC2=C(OCCSCCSCCOC3=C(SC4=CC(C(C)(C)C)=CC(S2)=C4OCCCOC5=CC(C6=NC=CC=C6)=NC(C7=CC=CC=N7)=C5)C=C(C(C)(C)C)C=C3S8)C(SC9=CC(C(C)(C)C)=CC8=C9OCCCOC%10=CC(C%11=NC=CC=C%11)=NC(C%12=CC=CC=N%12)=C%10)=C1)(C)C,188,-1.510891,-1.4227834751044206,-7.3722,0.08810752489557938,0.08810752489557938,-5.861309,5.861309,5.773201475104421,True,False,False,20
119,Group 10,Group 10/116.log,Group 10,116.log,CC(C1=CC2=C(OCCCCOC3=CC(C4=NC=CC=C4)=NC(C5=CC=CC=N5)=C3)C(SC6=CC(C(C)(C)C)=CC(SC7=CC(C(C)(C)C)=CC(SC8=CC(C(C)(C)C)=CC(S2)=C8OCCCCOC9=CC(C%10=NC=CC=C%10)=NC(C%11=CC=CC=N%11)=C9)=C7OCCCCOC%12=CC(C%13=NC=CC=C%13)=NC(C%14=CC=CC=N%14)=C%12)=C6OCCCCOC%15=CC(C%16=NC=CC=C%16)=NC(C%17=CC=CC=N%17)=C%15)=C1)(C)C,256,-1.597177,-1.5096294708416638,-7.4018,0.0875475291583363,0.0875475291583363,-5.804622999999999,5.804622999999999,5.717075470841663,True,False,False,21
124,Group 10,Group 10/121.log,Group 10,121.log,CC(C1=CC2=C(OCCCSC3=CC(C4=NC=CC=C4)=NC(C5=CC=CC=N5)=C3)C(SC6=CC(C(C)(C)C)=CC(SC7=CC(C(C)(C)C)=CC(SC8=CC(C(C)(C)C)=CC(S2)=C8OCCCSC9=CC(C%10=NC=CC=C%10)=NC(C%11=CC=CC=N%11)=C9)=C7OCCCSC%12=CC(C%13=NC=CC=C%13)=NC(C%14=CC=CC=N%14)=C%12)=C6OCCCSC%15=CC(C%16=NC=CC=C%16)=NC(C%17=CC=CC=N%17)=C%15)=C1)(C)C,244,-1.60251,-1.5204192995407846,-7.413,0.08209070045921552,0.08209070045921552,-5.81049,5.81049,5.728399299540785,True,False,False,22
15,Group 3,Group 3/16.log,Group 3,16.log,OC1=C(SC2=C(C(SC3=C(O)C(SC4=CC(C(C)(C)C)=CC(SC1=C5)=C4OC)=CC(C(C)(C)C)=C3)=CC(C(C)(C)C)=C2)OC)C=C5C(C)(C)C,102,-1.26874,-1.3459554808112122,-7.227,-0.07721548081121221,0.07721548081121221,-5.95826,5.95826,5.881044519188788,True,False,False,23
221,Group 17,Group 17/218.log,Group 17,218.log,CC(C1=CC2=C(OCCCC3=CC(C4=CC=CC=C4)=NO3)C(SC5=CC(C(C)(C)C)=CC(SC6=CC(C(C)(C)C)=CC(SC7=CC(C(C)(C)C)=CC(S2)=C7OCCCC8=CC(C9=CC=CC=C9)=NO8)=C6OCCCC%10=CC(C%11=CC=CC=C%11)=NO%10)=C5OCCCC%12=CC(C%13=CC=CC=C%13)=NO%12)=C1)(C)C,196,-1.055569,-0.9798448767322965,-6.9366,0.0757241232677035,0.0757241232677035,-5.881031,5.881031,5.805306876732296,True,False,False,24
20,Group 3,Group 3/21.log,Group 3,21.log,OC1=C(SC2=C(C(SC3=C(O)C(S4)=CC=C3)=CC=C2)OCCCCCCCC)C=CC=C1SC5=C(OCCCCCCCC)C4=CC=C5,96,-1.320305,-1.3929360543036928,-7.314,-0.07263105430369277,0.07263105430369277,-5.993695,5.993695,5.921063945696307,True,False,False,25
19,Group 3,Group 3/20.log,Group 3,20.log,OC1=C(SC2=C(C(SC3=C(O)C(S4)=CC=C3)=CC=C2)OCCCCCCCCCCCC)C=CC=C1SC5=C(OCCCCCCCCCCCC)C4=CC=C5,120,-1.380958,-1.4508988912993468,-7.3506,-0.06994089129934689,0.06994089129934689,-5.969642,5.969642,5.899701108700653,True,False,False,26
8,Group 1,Group 1/9.log,Group 1,9.log,OC1=C(SC2=C(C(SC3=C(O)C(SC4=CC(CCl)=CC(SC1=C5)=C4O)=CC(CCl)=C3)=CC(CCl)=C2)O)C=C5CCl,60,-1.654048,-1.594999973128422,-7.6569,0.05904802687157806,0.05904802687157806,-6.002852000000001,6.002852000000001,5.943803973128423,True,False,False,27
18,Group 3,Group 3/19.log,Group 3,19.log,OC1=C(SC2=C(C(SC3=C(O)C(SC4=CC(C(C)(C)C)=CC(SC1=C5)=C4OCCCCCCCCCCCC)=CC(C(C)(C)C)=C3)=CC(C(C)(C)C)=C2)OCCCCCCCCCCCC)C=C5C(C)(C)C,168,-1.285611,-1.3442575169355289,-7.1922,-0.0586465169355288,0.0586465169355288,-5.906588999999999,5.906588999999999,5.847942483064471,True,False,False,28
122,Group 10,Group 10/119.log,Group 10,119.log,CCCCCCCCOC1=CC(C2=NC=CC=C2)=NC(C3=CC=CC=N3)=C1,54,-1.440414,-1.3938805607414357,-7.3083,0.046533439258564346,0.046533439258564346,-5.867886,5.867886,5.8213525607414365,True,False,False,29
253,Group 21,Group 21/250.log,Group 21,250.log,CC(C1=CC2=C(OCCSCCCCCCCC)C(SC3=CC(C(C)(C)C)=CC(SC4=CC(C(C)(C)C)=CC(SC5=CC(C(C)(C)C)=CC(S2)=C5OCCCC6=CN(C7=CC(C8=NC=CC=C8)=NC(C9=CC=CC=N9)=C7)N=N6)=C4OCCSCCCCCCCC)=C3OCCCC%10=CN(C%11=CC(C%12=NC=CC=C%12)=NC(C%13=CC=CC=N%13)=C%11)N=N%10)=C1)(C)C,242,-1.970104,-1.9262004091810159,-7.8287,0.043903590818984206,0.043903590818984206,-5.858596,5.858596,5.814692409181016,True,False,False,30
121,Group 10,Group 10/118.log,Group 10,118.log,NNC1=CC(C2=NC=CC=C2)=NC(C3=CC=CC=N3)=C1,33,-1.20376,-1.161480808541767,-7.0826,0.042279191458233,0.042279191458233,-5.87884,5.87884,5.836560808541767,True,False,False,31
125,Group 10,Group 10/122.log,Group 10,122.log,CC(C1=CC2=C(OCCCCCSC3=CC(C4=NC=CC=C4)=NC(C5=CC=CC=N5)=C3)C(SC6=CC(C(C)(C)C)=CC(SC7=CC(C(C)(C)C)=CC(SC8=CC(C(C)(C)C)=CC(S2)=C8OCCCCCSC9=CC(C%10=NC=CC=C%10)=NC(C%11=CC=CC=N%11)=C9)=C7OCCCCCSC%12=CC(C%13=NC=CC=C%13)=NC(C%14=CC=CC=N%14)=C%12)=C6OCCCCCSC%15=CC(C%16=NC=CC=C%16)=NC(C%17=CC=CC=N%17)=C%15)=C1)(C)C,268,-1.51968,-1.4822611819997018,-7.3603,0.037418818000298115,0.037418818000298115,-5.8406199999999995,5.8406199999999995,5.803201181999701,True,False,False,32
22,Group 3,Group 3/23.log,Group 3,23.log,ClC1=CC(CC2=C3)=C(OCCCCCCCCCCCC)C(CC4=CC(C(C)(C)C)=CC(CC5=CC(Cl)=CC(CC(C=C3C(C)(C)C)=C2OCCCC)=C5OCCCCCCCCCCCC)=C4OCCCC)=C1,176,-0.426723,-0.46351792322429564,-6.3048,-0.03679492322429562,0.03679492322429562,-5.878077,5.878077,5.8412820767757045,True,False,False,33
255,Group 21,Group 21/252.log,Group 21,252.log,CC(C1=CC2=C(OCCSCCCCCCCC)C(SC3=CC(C(C)(C)C)=CC(SC4=CC(C(C)(C)C)=CC(SC5=CC(C(C)(C)C)=CC(S2)=C5OCCCOC6=CC(C7=NC=CC=C7)=NC(C8=CC=CC=N8)=C6)=C4OCCSCCCCCCCC)=C3OCCCOC9=CC(C%10=NC=CC=C%10)=NC(C%11=CC=CC=N%11)=C9)=C1)(C)C,232,-1.447816,-1.47916278476675,-7.3773,-0.0313467847667499,0.0313467847667499,-5.929484,5.929484,5.89813721523325,True,False,False,34
4,Group 1,Group 1/5.log,Group 1,5.log,OC1=C(SC2=C(C(SC3=C(O)C(S4)=CC=C3)=CC=C2)O)C=CC=C1SC5=C(O)C4=CC=C5,48,-1.283951,-1.2616624113366104,-7.2734,0.022288588663389675,0.022288588663389675,-5.989449,5.989449,5.96716041133661,True,False,False,35
222,Group 17,Group 17/219.log,Group 17,219.log,CC(C1=CC2=C(OCCCCC3=CC(C4=CC=CC=C4)=NO3)C(SC5=CC(C(C)(C)C)=CC(SC6=CC(C(C)(C)C)=CC(SC7=CC(C(C)(C)C)=CC(S2)=C7OCCCCC8=CC(C9=CC=CC=C9)=NO8)=C6OCCCCC%10=CC(C%11=CC=CC=C%11)=NO%10)=C5OCCCCC%12=CC(C%13=CC=CC=C%13)=NO%12)=C1)(C)C,208,-1.234808,-1.2163999367029028,-7.1205,0.0184080632970971,0.0184080632970971,-5.885692,5.885692,5.867283936702902,True,False,False,36
117,Group 10,Group 10/114.log,Group 10,114.log,O=S(OC1=CC(C2=NC=CC=C2)=NC(C3=CC=CC=N3)=C1)(C(F)(F)F)=O,36,-1.872661,-1.8551260689712201,-7.9697,0.017534931028779788,0.017534931028779788,-6.097039,6.097039,6.07950406897122,True,False,False,37
120,Group 10,Group 10/117.log,Group 10,117.log,CC(C1=CC2=C(OCCCCCOC3=CC(C4=NC=CC=C4)=NC(C5=CC=CC=N5)=C3)C(SC6=CC(C(C)(C)C)=CC(SC7=CC(C(C)(C)C)=CC(SC8=CC(C(C)(C)C)=CC(S2)=C8OCCCCCOC9=CC(C%10=NC=CC=C%10)=NC(C%11=CC=CC=N%11)=C9)=C7OCCCCCOC%12=CC(C%13=NC=CC=C%13)=NC(C%14=CC=CC=N%14)=C%12)=C6OCCCCCOC%15=CC(C%16=NC=CC=C%16)=NC(C%17=CC=CC=N%17)=C%15)=C1)(C)C,268,-1.395761,-1.4087452511061596,-7.293,-0.012984251106159528,0.012984251106159528,-5.897239,5.897239,5.884254748893841,True,False,False,38
123,Group 10,Group 10/120.log,Group 10,120.log,CCCCCCCCCCCCSC1=CC(C2=NC=CC=C2)=NC(C3=CC=CC=N3)=C1,66,-1.494782,-1.4835164616342675,-7.3971,0.01126553836573252,0.01126553836573252,-5.902318,5.902318,5.891052461634268,True,False,False,39
257,Group 21,Group 21/254.log,Group 21,254.log,C12=C(C(SC(C=CC=C3S4)=C3OCCSCCSCCOC(C(SC5=CC=CC4=C5OCCCOC6=CC(C7=NC=CC=C7)=NC(C8=CC=CC=N8)=C6)=CC=C9)=C9S2)=CC=C1)OCCCOC%10=CC(C%11=NC=CC=C%11)=NC(C%12=CC=CC=N%12)=C%10,140,-1.447707,-1.454144020160391,-7.4044,-0.006437020160390938,0.006437020160390938,-5.956693,5.956693,5.950255979839609,True,False,False,40
118,Group 10,Group 10/115.log,Group 10,115.log,CC(C1=CC2=C(OCCCOC3=CC(C4=NC=CC=C4)=NC(C5=CC=CC=N5)=C3)C(SC6=CC(C(C)(C)C)=CC(SC7=CC(C(C)(C)C)=CC(SC8=CC(C(C)(C)C)=CC(S2)=C8OCCCOC9=CC(C%10=NC=CC=C%10)=NC(C%11=CC=CC=N%11)=C9)=C7OCCCOC%12=CC(C%13=NC=CC=C%13)=NC(C%14=CC=CC=N%14)=C%12)=C6OCCCOC%15=CC(C%16=NC=CC=C%16)=NC(C%17=CC=CC=N%17)=C%15)=C1)(C)C,244,-1.423816,-1.420374723684244,-7.3193,0.003441276315756081,0.003441276315756081,-5.895484,5.895484,5.892042723684243,True,False,False,41
1,Group 1,Group 1/2.log,Group 1,2.log,OC1=C(CC2=C(C(CC3=C(O)C(CC4=CC(Br)=CC(CC1=C5)=C4O)=CC(Br)=C3)=CC(Br)=C2)O)C=C5Br,56,-1.218862,-1.222215978212871,-7.3075,-0.0033539782128710893,0.0033539782128710893,-6.088638,6.088638,6.085284021787129,True,False,False,42
16,Group 3,Group 3/17.log,Group 3,17.log,CC(C1=CC2=C(OCCC)C(SC3=CC(C(C)(C)C)=CC(SC4=CC(C(C)(C)C)=CC(SC5=CC(C(C)(C)C)=CC(S2)=C5OCCC)=C4OCCC)=C3OCCC)=C1)(C)C,132,-0.788275,-0.7869649010400961,-6.6271,0.0013100989599038604,0.0013100989599038604,-5.838825000000001,5.838825000000001,5.837514901040097,True,False,False,43
