Sample_Index,group_id,sample_id,Folder,File,SMILES,Number_of_Atoms,Calculated_Final_Energy,Predicted_Final_Energy,Baseline_Final_Energy_xTB,Residual_Final_Energy,Abs_Error_Final_Energy,Baseline_Residual_Final_Energy_xTB,Baseline_Abs_Error_Final_Energy_xTB,Improvement_vs_Baseline,Model_Better_Than_Baseline,High_Error_Flag_Q90,Outlier_Flag_IQR,Selected_Energy_Target_Mode,Selected_Energy_Weight_Scheme,Calculated_Selected_Energy_Target,Predicted_Selected_Energy_Target,Abs_Error_Selected_Energy_Target,Abs_Error_Final_Energy_per_atom,Relative_Abs_Error_Final_Energy,Error_Rank
9,Group 1,Group 1/10.log,Group 1,10.log,OC1=C(SC2=C(C(SC3=C(O)C(SC4=CC(Br)=CC(SC1=C5)=C4O)=CC(Br)=C3)=CC(Br)=C2)O)C=C5Br,48,-13106.461845273863,-3302.206848538197,-103.105987730237,9804.254996735666,9804.254996735666,13003.355857543625,13003.355857543625,3199.100860807959,True,True,True,delta_energy_per_atom,robust,-270.90324703215884,-66.64793460016584,204.255312431993,204.25531243199305,0.7480474221396036,1
7,Group 1,Group 1/8.log,Group 1,8.log,OC1=C(SC2=C(C(SC3=C(O)C(SC4=CC(CBr)=CC(SC1=C5)=C4O)=CC(CBr)=C3)=CC(CBr)=C2)O)C=C5CBr,60,-13263.43895157496,-3797.247253995534,-115.768077512018,9466.191697579427,9466.191697579427,13147.670874062942,13147.670874062942,3681.4791764835154,True,True,True,delta_energy_per_atom,robust,-219.12784790104902,-61.35798627472526,157.76986162632375,157.76986162632377,0.7137056786051879,2
1,Group 1,Group 1/2.log,Group 1,2.log,OC1=C(CC2=C(C(CC3=C(O)C(CC4=CC(Br)=CC(CC1=C5)=C4O)=CC(Br)=C3)=CC(Br)=C2)O)C=C5Br,56,-11671.72278906903,-3173.3127398678876,-102.835983327407,8498.410049201142,8498.410049201142,11568.886805741624,11568.886805741624,3070.476756540482,True,True,True,delta_energy_per_atom,robust,-206.58726438824328,-54.829942081080006,151.7573223071633,151.75732230716326,0.7281195932063186,3
17,Group 3,Group 3/18.log,Group 3,18.log,BrC1=CC(SC2=CC(Br)=CC(SC3=C(OCCCC)C(SC4=CC(Br)=CC(SC5=C1)=C4OCCCC)=CC(Br)=C3)=C2OCCCC)=C5OCCCC,96,-13734.230034705117,-5445.868232394375,-153.707871955559,8288.361802310741,8288.361802310741,13580.522162749558,13580.522162749558,5292.1603604388165,True,True,True,delta_energy_per_atom,robust,-141.46377252864121,-55.12667042123766,86.33710210740355,86.33710210740355,0.6034820868269127,4
23,Group 3,Group 3/24.log,Group 3,24.log,BrC(C=C1S2)=CC(SC3=CC(Br)=CC(SC4=C(O[Si](C)(C)C(C)(C)C)C(SC5=CC(Br)=CC2=C5O)=CC(Br)=C4)=C3OCCCCCCCCCCCC)=C1O[Si](C)(C)C(C)(C)C,126,-14629.2680366717,-7300.790480885499,-184.61656005311,7328.4775557862,7328.4775557862,14444.65147661859,14444.65147661859,7116.17392083239,True,True,True,delta_energy_per_atom,robust,-114.64009108427453,-56.477570800257055,58.162520284017475,58.16252028401746,0.500946290505488,5
6,Group 1,Group 1/7.log,Group 1,7.log,OC1=C(SC2=C(C(SC3=C(O)C(SC4=CC([NH3+])=CC(SC1=C5)=C4O)=CC([NH3])=C3)=CC([NH3])=C2)O)C=C5[NH3].Cl[Sn-](Cl)(Cl)(Cl)Cl.Cl[Sn-](Cl)(Cl)([Cl+])Cl.Cl[Sn](Cl)(Cl)(Cl)Cl.Cl[Sn](Cl)(Cl)(Cl)Cl,84,-13094.4214071825,-5859.4086323936135,-204.753702691425,7235.012774788887,7235.012774788887,12889.667704491076,12889.667704491076,5654.654929702188,True,False,True,delta_energy_per_atom,robust,-153.4484250534652,-67.31732059169272,86.13110446177248,86.13110446177247,0.5525263430742224,6
21,Group 3,Group 3/22.log,Group 3,22.log,OC1=C(SC2=C(C(SC3=C(O)C(S4)=CC([N+]([O-])=O)=C3)=CC=C2)OCCCCCCCCCCCC)C=C([N+]([O-])=O)C=C1SC5=C(OCCCCCCCCCCCC)C4=CC=C5,124,-4164.673207032607,-6638.206500605311,-185.648930817961,-2473.5332935727038,2473.5332935727038,3979.024276214646,3979.024276214646,1505.490982641942,True,False,False,delta_energy_per_atom,robust,-32.08890545334392,-52.03675459505928,19.94784914171536,19.947849141715352,0.5939321455978522,7
24,Group 3,Group 3/25.log,Group 3,25.log,OC(C(SC1=CC([N+]([O-])=O)=CC(SC2=CC([N+]([O-])=O)=CC(S3)=C2O)=C1OCCCCCCCC)=CC([N+]([O-])=O)=C4)=C4SC5=C(C3=CC([N+]([O-])=O)=C5)OCCCCCCCC,104,-4258.848719227213,-6368.194478129354,-181.252670255698,-2109.345758902141,2109.345758902141,4077.5960489715153,4077.5960489715153,1968.2502900693744,True,False,False,delta_energy_per_atom,robust,-39.2076543170338,-59.48982507570823,20.282170758674432,20.282170758674432,0.49528543931937036,8
126,Group 10,Group 10/123.log,Group 10,123.log,CC(C1=CC2=C(OCCCCCCCCCCCC)C(SC3=CC(C(C)(C)C)=CC(SC4=CC(C(C)(C)C)=CC(SC5=CC(C(C)(C)C)=CC(S2)=C5OCCCOC6=CC(C7=NC=CC=C7)=NC(C8=CC=CC=N8)=C6)=C4OCCCCCCCCCCCC)=C3OCCCOC9=CC(C%10=NC=CC=C%10)=NC(C%11=CC=CC=N%11)=C9)=C1)(C)C,254,-6406.61373609069,-8391.413773392924,-346.152662240135,-1984.8000373022342,1984.8000373022342,6060.461073850554,6060.461073850554,4075.66103654832,True,False,False,delta_energy_per_atom,robust,-23.86008296791557,-31.674256343121215,7.814173375205645,7.814173375205646,0.3098048546485744,9
10,Group 1,Group 1/11.log,Group 1,11.log,OC1=C(SC2=C(C(SC3=C(O)C(SC4=CC(S(=O)([O-])=O)=CC(SC1=C5)=C4O)=CC(S(=O)([O-])=O)=C3)=CC(S(=O)([O-])=O)=C2)O)C=C5S(=O)([O-])=O.[Na+].[Na+].[Na+].[Na+],64,-5953.872400922572,-4418.026197746945,-150.116704258939,1535.8462031756262,1535.8462031756262,5803.755696663633,5803.755696663633,4267.909493488007,True,False,False,delta_energy_per_atom,robust,-90.68368276036927,-66.6860858357501,23.99759692461916,23.99759692461916,0.25795752742955363,10
120,Group 10,Group 10/117.log,Group 10,117.log,CC(C1=CC2=C(OCCCCCOC3=CC(C4=NC=CC=C4)=NC(C5=CC=CC=N5)=C3)C(SC6=CC(C(C)(C)C)=CC(SC7=CC(C(C)(C)C)=CC(SC8=CC(C(C)(C)C)=CC(S2)=C8OCCCCCOC9=CC(C%10=NC=CC=C%10)=NC(C%11=CC=CC=N%11)=C9)=C7OCCCCCOC%12=CC(C%13=NC=CC=C%13)=NC(C%14=CC=CC=N%14)=C%12)=C6OCCCCCOC%15=CC(C%16=NC=CC=C%16)=NC(C%17=CC=CC=N%17)=C%15)=C1)(C)C,268,-7487.241250320296,-8958.100679239695,-400.946362785745,-1470.8594289193989,1470.8594289193989,7086.294887534551,7086.294887534551,5615.435458615152,True,False,False,delta_energy_per_atom,robust,-26.441398834084147,-31.92968028527593,5.4882814511917815,5.488281451191787,0.19644878263466034,11
18,Group 3,Group 3/19.log,Group 3,19.log,OC1=C(SC2=C(C(SC3=C(O)C(SC4=CC(C(C)(C)C)=CC(SC1=C5)=C4OCCCCCCCCCCCC)=CC(C(C)(C)C)=C3)=CC(C(C)(C)C)=C2)OCCCCCCCCCCCC)C=C5C(C)(C)C,168,-4384.227065311031,-5557.723719175388,-215.40192766859,-1173.4966538643575,1173.4966538643575,4168.8251376424405,4168.8251376424405,2995.328483778083,True,False,False,delta_energy_per_atom,robust,-24.814435343109764,-31.799534473254752,6.985099130144988,6.985099130144985,0.2676632930686106,12
119,Group 10,Group 10/116.log,Group 10,116.log,CC(C1=CC2=C(OCCCCOC3=CC(C4=NC=CC=C4)=NC(C5=CC=CC=N5)=C3)C(SC6=CC(C(C)(C)C)=CC(SC7=CC(C(C)(C)C)=CC(SC8=CC(C(C)(C)C)=CC(S2)=C8OCCCCOC9=CC(C%10=NC=CC=C%10)=NC(C%11=CC=CC=N%11)=C9)=C7OCCCCOC%12=CC(C%13=NC=CC=C%13)=NC(C%14=CC=CC=N%14)=C%12)=C6OCCCCOC%15=CC(C%16=NC=CC=C%16)=NC(C%17=CC=CC=N%17)=C%15)=C1)(C)C,256,-7330.305464074455,-8484.463493493435,-388.288287700661,-1154.1580294189798,1154.1580294189798,6942.0171763737935,6942.0171763737935,5787.859146954814,True,False,False,delta_energy_per_atom,robust,-27.11725459521013,-31.62568439762802,4.50842980241789,4.50842980241789,0.15745019563971643,13
222,Group 17,Group 17/219.log,Group 17,219.log,CC(C1=CC2=C(OCCCCC3=CC(C4=CC=CC=C4)=NO3)C(SC5=CC(C(C)(C)C)=CC(SC6=CC(C(C)(C)C)=CC(SC7=CC(C(C)(C)C)=CC(S2)=C7OCCCCC8=CC(C9=CC=CC=C9)=NO8)=C6OCCCCC%10=CC(C%11=CC=CC=C%11)=NO%10)=C5OCCCCC%12=CC(C%13=CC=CC=C%13)=NO%12)=C1)(C)C,208,-5970.448120420558,-7022.665686857552,-305.168934268981,-1052.2175664369943,1052.2175664369943,5665.279186151577,5665.279186151577,4613.061619714583,True,False,False,delta_energy_per_atom,robust,-27.236919164190276,-32.295657464368134,5.058738300177858,5.058738300177857,0.17623761989261097,14
2,Group 1,Group 1/3.log,Group 1,3.log,OC1=C(CC2=CC(C(C)(C)C)=CC3=C2O)C=C(C(C)(C)C)C=C1CC4=C(O)C(CC5=CC(C(C)(C)C)=CC(CC6=CC(C(C)(C)C)=CC(CC7=CC(C(C)(C)C)=CC(CC8=CC(C(C)(C)C)=CC(CC(C=C(C(C)(C)C)C=C9C3)=C9O)=C8O)=C7O)=C6O)=C5O)=CC(C(C)(C)C)=C4,208,-4015.554962182609,-5047.5838730752075,-278.371600336485,-1032.0289108925986,1032.0289108925986,3737.183361846124,3737.183361846124,2705.1544509535256,True,False,False,delta_energy_per_atom,robust,-17.96722770118329,-22.928905157397704,4.961677456214414,4.961677456214416,0.2570077911046898,15
4,Group 1,Group 1/5.log,Group 1,5.log,OC1=C(SC2=C(C(SC3=C(O)C(S4)=CC=C3)=CC=C2)O)C=CC=C1SC5=C(O)C4=CC=C5,48,-2814.661638889585,-1815.590383941185,-88.794872978251,999.0712549483999,999.0712549483999,2725.866765911334,2725.866765911334,1726.795510962934,True,False,False,delta_energy_per_atom,robust,-56.78889095648612,-35.97490647839446,20.813984478091662,20.813984478091665,0.3549525247158998,16
118,Group 10,Group 10/115.log,Group 10,115.log,CC(C1=CC2=C(OCCCOC3=CC(C4=NC=CC=C4)=NC(C5=CC=CC=N5)=C3)C(SC6=CC(C(C)(C)C)=CC(SC7=CC(C(C)(C)C)=CC(SC8=CC(C(C)(C)C)=CC(S2)=C8OCCCOC9=CC(C%10=NC=CC=C%10)=NC(C%11=CC=CC=N%11)=C9)=C7OCCCOC%12=CC(C%13=NC=CC=C%13)=NC(C%14=CC=CC=N%14)=C%12)=C6OCCCOC%15=CC(C%16=NC=CC=C%16)=NC(C%17=CC=CC=N%17)=C%15)=C1)(C)C,244,-7173.348971854622,-8141.372715666491,-375.630880186455,-968.0237438118693,968.0237438118693,6797.718091668166,6797.718091668166,5829.694347856297,True,False,False,delta_energy_per_atom,robust,-27.859500375689205,-31.826810801147687,3.967310425458482,3.967310425458481,0.1349472537316477,17
253,Group 21,Group 21/250.log,Group 21,250.log,CC(C1=CC2=C(OCCSCCCCCCCC)C(SC3=CC(C(C)(C)C)=CC(SC4=CC(C(C)(C)C)=CC(SC5=CC(C(C)(C)C)=CC(S2)=C5OCCCC6=CN(C7=CC(C8=NC=CC=C8)=NC(C9=CC=CC=N9)=C7)N=N6)=C4OCCSCCCCCCCC)=C3OCCCC%10=CN(C%11=CC(C%12=NC=CC=C%12)=NC(C%13=CC=CC=N%13)=C%11)N=N%10)=C1)(C)C,242,-7219.587647601892,-8091.77981044946,-346.284527152455,-872.1921628475675,872.1921628475675,6873.303120449437,6873.303120449437,6001.11095760187,True,False,False,delta_energy_per_atom,robust,-28.402079010121643,-32.00617885659919,3.604099846477549,3.6040998464775518,0.12080913833577085,18
254,Group 21,Group 21/251.log,Group 21,251.log,CC(C1=CC2=C(OCCSCCCCCCCC)C(SC3=CC(C(C)(C)C)=CC(SC4=CC(C(C)(C)C)=CC(SC5=CC(C(C)(C)C)=CC(S2)=C5OCCCCC6=CN(C7=CC(C8=NC=CC=C8)=NC(C9=CC=CC=N9)=C7)N=N6)=C4OCCSCCCCCCCC)=C3OCCCCC%10=CN(C%11=CC(C%12=NC=CC=C%12)=NC(C%13=CC=CC=N%13)=C%11)N=N%10)=C1)(C)C,248,-7298.068793565732,-8141.1023177149955,-352.57683387288,-843.033524149263,843.033524149263,6945.491959692852,6945.491959692852,6102.458435543589,True,False,False,delta_energy_per_atom,robust,-28.006015966503437,-31.405344692911754,3.399328726408317,3.3993287264083185,0.11551460365670432,19
25,Group 3,Group 3/26.log,Group 3,26.log,OC1=C2C=CC=C1SC3=CC=CC(SC4=C(C(SC(C=CC=C5S2)=C5OCCCCCCCCCCCC)=CC=C4)OCCCCCCCCCCCC)=C3OCCCCCCCCCCCC,156,-4227.20889129673,-5029.549039164077,-202.68320804367,-802.3401478673468,802.3401478673468,4024.5256832530604,4024.5256832530604,3222.1855353857136,True,False,False,delta_energy_per_atom,robust,-25.79824155931449,-30.941447635387227,5.143206076072737,5.143206076072736,0.18980376141745967,20
255,Group 21,Group 21/252.log,Group 21,252.log,CC(C1=CC2=C(OCCSCCCCCCCC)C(SC3=CC(C(C)(C)C)=CC(SC4=CC(C(C)(C)C)=CC(SC5=CC(C(C)(C)C)=CC(S2)=C5OCCCOC6=CC(C7=NC=CC=C7)=NC(C8=CC=CC=N8)=C6)=C4OCCSCCCCCCCC)=C3OCCCOC9=CC(C%10=NC=CC=C%10)=NC(C%11=CC=CC=N%11)=C9)=C1)(C)C,232,-6888.532959503821,-7684.88719837291,-327.305190185547,-796.3542388690885,796.3542388690885,6561.227769318274,6561.227769318274,5764.873530449186,True,False,False,delta_energy_per_atom,robust,-28.28115417809601,-31.713715552531735,3.432561374435725,3.432561374435726,0.11560578189137294,21
0,Group 1,Group 1/1.log,Group 1,1.log,OC1=C(CC2=C(C(CC3=C(O)C(CC4=CC(C(C)(C)C)=CC(CC1=C5)=C4O)=CC(C(C)(C)C)=C3)=CC(C(C)(C)C)=C2)O)C=C5C(C)(C)C,104,-2007.777943398343,-2795.5969187264054,-139.177612617002,-787.8189753280624,787.8189753280624,1868.600330781341,1868.600330781341,1080.7813554532786,True,False,False,delta_energy_per_atom,robust,-17.96731087289751,-25.542493327975034,7.575182455077524,7.575182455077523,0.3923835192604441,22
252,Group 21,Group 21/249.log,Group 21,249.log,CC(C1=CC2=C(OCCSCCCCCCCC)C(SC3=CC(C(C)(C)C)=CC(SC4=CC(C(C)(C)C)=CC(SC5=CC(C(C)(C)C)=CC(S2)=C5OCCC6=CN(C7=CC(C8=NC=CC=C8)=NC(C9=CC=CC=N9)=C7)N=N6)=C4OCCSCCCCCCCC)=C3OCCC%10=CN(C%11=CC(C%12=NC=CC=C%12)=NC(C%13=CC=CC=N%13)=C%11)N=N%10)=C1)(C)C,236,-7141.138204682999,-7837.93183183071,-339.939818509262,-696.793627147711,696.793627147711,6801.198386173736,6801.198386173736,6104.404759026025,True,False,False,delta_energy_per_atom,robust,-28.81863722954973,-31.771152598819693,2.952515369269964,2.952515369269962,0.09757458925662489,23
8,Group 1,Group 1/9.log,Group 1,9.log,OC1=C(SC2=C(C(SC3=C(O)C(SC4=CC(CCl)=CC(SC1=C5)=C4O)=CC(CCl)=C3)=CC(CCl)=C2)O)C=C5CCl,60,-4808.858363539897,-4130.129555844979,-117.636037089856,678.728807694918,678.728807694918,4691.222326450042,4691.222326450042,4012.4935187551237,True,False,False,delta_energy_per_atom,robust,-78.18703877416736,-66.87489197925206,11.312146794915307,11.3121467949153,0.1411413596290411,24
117,Group 10,Group 10/114.log,Group 10,114.log,O=S(OC1=CC(C2=NC=CC=C2)=NC(C3=CC=CC=N3)=C1)(C(F)(F)F)=O,36,-1700.704719823123,-2375.170566569003,-77.758919143225,-674.4658467458798,674.4658467458798,1622.945800679898,1622.945800679898,948.4799539340181,True,False,False,delta_energy_per_atom,robust,-45.08182779666383,-63.81699020627161,18.73516240960778,18.735162409607774,0.3965802169421039,25
221,Group 17,Group 17/218.log,Group 17,218.log,CC(C1=CC2=C(OCCCC3=CC(C4=CC=CC=C4)=NO3)C(SC5=CC(C(C)(C)C)=CC(SC6=CC(C(C)(C)C)=CC(SC7=CC(C(C)(C)C)=CC(S2)=C7OCCCC8=CC(C9=CC=CC=C9)=NO8)=C6OCCCC%10=CC(C%11=CC=CC=C%11)=NO%10)=C5OCCCC%12=CC(C%13=CC=CC=C%13)=NO%12)=C1)(C)C,196,-5813.431400794719,-6426.8251672102615,-292.528892763214,-613.3937664155428,613.3937664155428,5520.902508031505,5520.902508031505,4907.508741615962,True,False,False,delta_energy_per_atom,robust,-28.16786993893625,-31.29742997166861,3.1295600327323605,3.1295600327323614,0.1055132028100709,26
122,Group 10,Group 10/119.log,Group 10,119.log,CCCCCCCCOC1=CC(C2=NC=CC=C2)=NC(C3=CC=CC=N3)=C1,54,-1130.13496016358,-1719.5217862366685,-75.864183830662,-589.3868260730885,589.3868260730885,1054.270776332918,1054.270776332918,464.8839502598296,True,False,False,delta_energy_per_atom,robust,-19.52353289505404,-30.438103748259383,10.914570853205344,10.914570853205342,0.5215189750280473,27
19,Group 3,Group 3/20.log,Group 3,20.log,OC1=C(SC2=C(C(SC3=C(O)C(S4)=CC=C3)=CC=C2)OCCCCCCCCCCCC)C=CC=C1SC5=C(OCCCCCCCCCCCC)C4=CC=C5,120,-3756.375261720658,-4312.2205850920045,-164.732246560546,-555.8453233713467,555.8453233713467,3591.6430151601116,3591.6430151601116,3035.797691788765,True,False,False,delta_energy_per_atom,robust,-29.9303584596676,-34.56240282109549,4.632044361427891,4.632044361427889,0.14797385368661345,28
257,Group 21,Group 21/254.log,Group 21,254.log,C12=C(C(SC(C=CC=C3S4)=C3OCCSCCSCCOC(C(SC5=CC=CC4=C5OCCCOC6=CC(C7=NC=CC=C7)=NC(C8=CC=CC=N8)=C6)=CC=C9)=C9S2)=CC=C1)OCCCOC%10=CC(C%11=NC=CC=C%11)=NC(C%12=CC=CC=N%12)=C%10,140,-5710.123669500339,-5194.606003303705,-231.307469988049,515.5176661966343,515.5176661966343,5478.81619951229,5478.81619951229,4963.298533315656,True,False,False,delta_energy_per_atom,robust,-39.13440142508779,-35.452132380826114,3.6822690442616732,3.6822690442616737,0.09028134871216223,29
123,Group 10,Group 10/120.log,Group 10,120.log,CCCCCCCCCCCCSC1=CC(C2=NC=CC=C2)=NC(C3=CC=CC=N3)=C1,66,-1609.938023099217,-2109.1136200847345,-87.694506091111,-499.1755969855176,499.1755969855176,1522.243517008106,1522.243517008106,1023.0679200225884,True,False,False,delta_energy_per_atom,robust,-23.06429571224403,-30.62756233323672,7.563266620992692,7.563266620992691,0.31005889035496986,30
22,Group 3,Group 3/23.log,Group 3,23.log,ClC1=CC(CC2=C3)=C(OCCCCCCCCCCCC)C(CC4=CC(C(C)(C)C)=CC(CC5=CC(Cl)=CC(CC(C=C3C(C)(C)C)=C2OCCCC)=C5OCCCCCCCCCCCC)=C4OCCCC)=C1,176,-3868.064607200851,-4250.864198449009,-223.152165014519,-382.79959124815787,382.79959124815787,3644.9124421863316,3644.9124421863316,3262.112850938174,True,False,False,delta_energy_per_atom,robust,-20.709729785149612,-22.884727462695963,2.174997677546351,2.1749976775463513,0.09896411516357365,31
124,Group 10,Group 10/121.log,Group 10,121.log,CC(C1=CC2=C(OCCCSC3=CC(C4=NC=CC=C4)=NC(C5=CC=CC=N5)=C3)C(SC6=CC(C(C)(C)C)=CC(SC7=CC(C(C)(C)C)=CC(SC8=CC(C(C)(C)C)=CC(S2)=C8OCCCSC9=CC(C%10=NC=CC=C%10)=NC(C%11=CC=CC=N%11)=C9)=C7OCCCSC%12=CC(C%13=NC=CC=C%13)=NC(C%14=CC=CC=N%14)=C%12)=C6OCCCSC%15=CC(C%16=NC=CC=C%16)=NC(C%17=CC=CC=N%17)=C%15)=C1)(C)C,244,-8464.816901539076,-8114.955743170899,-372.304438378951,349.8611583681768,349.8611583681768,8092.512463160125,8092.512463160125,7742.651304791948,True,False,False,delta_energy_per_atom,robust,-33.16603468508248,-31.732177478655526,1.4338572064269535,1.4338572064269541,0.04133121394559067,32
20,Group 3,Group 3/21.log,Group 3,21.log,OC1=C(SC2=C(C(SC3=C(O)C(S4)=CC=C3)=CC=C2)OCCCCCCCC)C=CC=C1SC5=C(OCCCCCCCC)C4=CC=C5,96,-3442.453829323963,-3718.43433938228,-139.415490726508,-275.9805100583171,275.9805100583171,3303.038338597455,3303.038338597455,3027.057828539138,True,False,False,delta_energy_per_atom,robust,-34.406649360390155,-37.281446340164294,2.874796979774139,2.874796979774137,0.08016970560552532,33
116,Group 10,Group 10/113.log,Group 10,113.log,OCCNC1=CC(C2=NC=CC=C2)=NC(C3=CC=CC=N3)=C1,38,-949.946878559611,-1222.9600418415903,-60.303963844506,-273.01316328197925,273.01316328197925,889.642914715105,889.642914715105,616.6297514331258,True,False,False,delta_energy_per_atom,robust,-23.4116556503975,-30.59621257887064,7.1845569284731425,7.184556928473138,0.28739834767715716,34
16,Group 3,Group 3/17.log,Group 3,17.log,CC(C1=CC2=C(OCCC)C(SC3=CC(C(C)(C)C)=CC(SC4=CC(C(C)(C)C)=CC(SC5=CC(C(C)(C)C)=CC(S2)=C5OCCC)=C4OCCC)=C3OCCC)=C1)(C)C,132,-3913.323073214327,-4183.007846300012,-177.397121188364,-269.6847730856848,269.6847730856848,3735.925952025963,3735.925952025963,3466.241178940278,True,False,False,delta_energy_per_atom,robust,-28.302469333530023,-30.34553579630036,2.043066462770337,2.0430664627703394,0.06891451792746615,35
121,Group 10,Group 10/118.log,Group 10,118.log,NNC1=CC(C2=NC=CC=C2)=NC(C3=CC=CC=N3)=C1,33,-851.611692288647,-1082.5147855612627,-53.31148201024,-230.9030932726157,230.9030932726157,798.300210278407,798.300210278407,567.3971170057913,True,False,False,delta_energy_per_atom,robust,-24.19091546298203,-31.187978895485536,6.997063432503506,6.997063432503507,0.27113659354461,36
5,Group 1,Group 1/6.log,Group 1,6.log,OC1=C(SC2=C(C(SC3=C(O)C(SC4=CC([N+]([O-])=O)=CC(SC1=C5)=C4O)=CC([N+]([O-])=O)=C3)=CC([N+]([O-])=O)=C2)O)C=C5[N+]([O-])=O,56,-3631.244942365536,-3860.9493129313696,-130.613533916182,-229.70437056583341,229.70437056583341,3500.6314084493542,3500.6314084493542,3270.927037883521,True,False,False,delta_energy_per_atom,robust,-62.511275150881325,-66.6131389109855,4.101863760104173,4.101863760104168,0.06325774609287645,37
114,Group 10,Group 10/111.log,Group 10,111.log,C#CC1=CC(C2=NC=CC=C2)=NC(C3=CC=CC=N3)=C1,31,-817.127024453134,-1030.9403650705165,-50.691496124094,-213.81334061738244,213.81334061738244,766.43552832904,766.43552832904,552.6221877116576,True,False,False,delta_energy_per_atom,robust,-24.723726720291616,-31.620931256336206,6.89720453604459,6.897204536044595,0.2616647525002142,38
115,Group 10,Group 10/112.log,Group 10,112.log,OC1=CC(C2=NC=CC=C2)=NC(C3=CC=CC=N3)=C1,30,-816.225268398522,-1005.335674384967,-50.550929624686,-189.11040598644502,189.11040598644502,765.674338773836,765.674338773836,576.563932787391,True,False,False,delta_energy_per_atom,robust,-25.522477959127865,-31.826158158676034,6.303680199548168,6.303680199548167,0.23168898747177105,39
3,Group 1,Group 1/4.log,Group 1,4.log,OC1=C(SC2=C(C(SC3=C(O)C(SC4=CC(C(C)(C)C)=CC(SC1=C5)=C4O)=CC(C(C)(C)C)=C3)=CC(C(C)(C)C)=C2)O)C=C5C(C)(C)C,96,-3442.525320095948,-3256.6349362855253,-139.464044215071,185.89038381042246,185.89038381042246,3303.0612758808766,3303.0612758808766,3117.170892070454,True,False,False,delta_energy_per_atom,robust,-34.4068882904258,-32.470530125733895,1.936358164691903,1.9363581646919006,0.05399826189359777,40
125,Group 10,Group 10/122.log,Group 10,122.log,CC(C1=CC2=C(OCCCCCSC3=CC(C4=NC=CC=C4)=NC(C5=CC=CC=N5)=C3)C(SC6=CC(C(C)(C)C)=CC(SC7=CC(C(C)(C)C)=CC(SC8=CC(C(C)(C)C)=CC(S2)=C8OCCCCCSC9=CC(C%10=NC=CC=C%10)=NC(C%11=CC=CC=N%11)=C9)=C7OCCCCCSC%12=CC(C%13=NC=CC=C%13)=NC(C%14=CC=CC=N%14)=C%12)=C6OCCCCCSC%15=CC(C%16=NC=CC=C%16)=NC(C%17=CC=CC=N%17)=C%15)=C1)(C)C,268,-8778.653452547445,-8901.437748985276,-397.633590868091,-122.78429643783056,122.78429643783056,8381.019861679355,8381.019861679355,8258.235565241524,True,False,False,delta_energy_per_atom,robust,-31.272462170445355,-31.730612530288003,0.45815035984264796,0.45815035984265134,0.013986689086361002,41
256,Group 21,Group 21/253.log,Group 21,253.log,CC(C1=CC2=C(OCCSCCSCCOC3=C(SC4=CC(C(C)(C)C)=CC(S2)=C4OCCCOC5=CC(C6=NC=CC=C6)=NC(C7=CC=CC=N7)=C5)C=C(C(C)(C)C)C=C3S8)C(SC9=CC(C(C)(C)C)=CC8=C9OCCCOC%10=CC(C%11=NC=CC=C%11)=NC(C%12=CC=CC=N%12)=C%10)=C1)(C)C,188,-6337.982580717114,-6443.192175673203,-281.986341012881,-105.20959495608895,105.20959495608895,6055.996239704233,6055.996239704233,5950.786644748144,True,False,False,delta_energy_per_atom,robust,-32.21274595587358,-32.77237146095916,0.5596255050855774,0.5596255050855795,0.01659985549282134,42
15,Group 3,Group 3/16.log,Group 3,16.log,OC1=C(SC2=C(C(SC3=C(O)C(SC4=CC(C(C)(C)C)=CC(SC1=C5)=C4OC)=CC(C(C)(C)C)=C3)=CC(C(C)(C)C)=C2)OC)C=C5C(C)(C)C,102,-3520.932748240593,-3527.3099036682333,-145.768841473467,-6.377155427640446,6.377155427640446,3375.163906767126,3375.163906767126,3368.7867513394854,True,False,False,delta_energy_per_atom,robust,-33.089842223207114,-33.15236335485065,0.06252113164353545,0.06252113164353379,0.0018112119383163433,43
