row_index,sample_id,group_id,Folder,File,SMILES,subset
1,Group 1/2.log,Group 1,Group 1,2.log,OC1=C(CC2=C(C(CC3=C(O)C(CC4=CC(Br)=CC(CC1=C5)=C4O)=CC(Br)=C3)=CC(Br)=C2)O)C=C5Br,train
2,Group 1/3.log,Group 1,Group 1,3.log,OC1=C(CC2=CC(C(C)(C)C)=CC3=C2O)C=C(C(C)(C)C)C=C1CC4=C(O)C(CC5=CC(C(C)(C)C)=CC(CC6=CC(C(C)(C)C)=CC(CC7=CC(C(C)(C)C)=CC(CC8=CC(C(C)(C)C)=CC(CC(C=C(C(C)(C)C)C=C9C3)=C9O)=C8O)=C7O)=C6O)=C5O)=CC(C(C)(C)C)=C4,train
3,Group 1/4.log,Group 1,Group 1,4.log,OC1=C(SC2=C(C(SC3=C(O)C(SC4=CC(C(C)(C)C)=CC(SC1=C5)=C4O)=CC(C(C)(C)C)=C3)=CC(C(C)(C)C)=C2)O)C=C5C(C)(C)C,train
4,Group 1/5.log,Group 1,Group 1,5.log,OC1=C(SC2=C(C(SC3=C(O)C(S4)=CC=C3)=CC=C2)O)C=CC=C1SC5=C(O)C4=CC=C5,train
6,Group 1/7.log,Group 1,Group 1,7.log,OC1=C(SC2=C(C(SC3=C(O)C(SC4=CC([NH3+])=CC(SC1=C5)=C4O)=CC([NH3])=C3)=CC([NH3])=C2)O)C=C5[NH3].Cl[Sn-](Cl)(Cl)(Cl)Cl.Cl[Sn-](Cl)(Cl)([Cl+])Cl.Cl[Sn](Cl)(Cl)(Cl)Cl.Cl[Sn](Cl)(Cl)(Cl)Cl,train
7,Group 1/8.log,Group 1,Group 1,8.log,OC1=C(SC2=C(C(SC3=C(O)C(SC4=CC(CBr)=CC(SC1=C5)=C4O)=CC(CBr)=C3)=CC(CBr)=C2)O)C=C5CBr,train
8,Group 1/9.log,Group 1,Group 1,9.log,OC1=C(SC2=C(C(SC3=C(O)C(SC4=CC(CCl)=CC(SC1=C5)=C4O)=CC(CCl)=C3)=CC(CCl)=C2)O)C=C5CCl,train
9,Group 1/10.log,Group 1,Group 1,10.log,OC1=C(SC2=C(C(SC3=C(O)C(SC4=CC(Br)=CC(SC1=C5)=C4O)=CC(Br)=C3)=CC(Br)=C2)O)C=C5Br,train
10,Group 1/11.log,Group 1,Group 1,11.log,OC1=C(SC2=C(C(SC3=C(O)C(SC4=CC(S(=O)([O-])=O)=CC(SC1=C5)=C4O)=CC(S(=O)([O-])=O)=C3)=CC(S(=O)([O-])=O)=C2)O)C=C5S(=O)([O-])=O.[Na+].[Na+].[Na+].[Na+],train
11,Group 2/12.log,Group 2,Group 2,12.log,OC1=C(SC2=C(C(SC3=C(O)C(SC4=CC(C(C)(C)C)=CC(SC1=C5)=C4O[Si](C)(C(C)(C)C)C)=CC(C(C)(C)C)=C3)=CC(C(C)(C)C)=C2)O[Si](C)(C)C(C)(C)C)C=C5C(C)(C)C,train
12,Group 2/13.log,Group 2,Group 2,13.log,OC1=C(SC2=C(C(SC3=C(O)C(S4)=CC=C3)=CC=C2)O[Si](C)(C)C(C)(C)C)C=CC=C1SC5=C(O[Si](C)(C(C)(C)C)C)C4=CC=C5,train
13,Group 2/14.log,Group 2,Group 2,14.log,OC1=C(SC2=C(C(SC3=C(O)C(SC4=CC(Br)=CC(SC1=C5)=C4O[Si](C)(C(C)(C)C)C)=CC(Br)=C3)=CC(Br)=C2)O[Si](C)(C)C(C)(C)C)C=C5Br,train
15,Group 3/16.log,Group 3,Group 3,16.log,OC1=C(SC2=C(C(SC3=C(O)C(SC4=CC(C(C)(C)C)=CC(SC1=C5)=C4OC)=CC(C(C)(C)C)=C3)=CC(C(C)(C)C)=C2)OC)C=C5C(C)(C)C,train
17,Group 3/18.log,Group 3,Group 3,18.log,BrC1=CC(SC2=CC(Br)=CC(SC3=C(OCCCC)C(SC4=CC(Br)=CC(SC5=C1)=C4OCCCC)=CC(Br)=C3)=C2OCCCC)=C5OCCCC,train
18,Group 3/19.log,Group 3,Group 3,19.log,OC1=C(SC2=C(C(SC3=C(O)C(SC4=CC(C(C)(C)C)=CC(SC1=C5)=C4OCCCCCCCCCCCC)=CC(C(C)(C)C)=C3)=CC(C(C)(C)C)=C2)OCCCCCCCCCCCC)C=C5C(C)(C)C,train
19,Group 3/20.log,Group 3,Group 3,20.log,OC1=C(SC2=C(C(SC3=C(O)C(S4)=CC=C3)=CC=C2)OCCCCCCCCCCCC)C=CC=C1SC5=C(OCCCCCCCCCCCC)C4=CC=C5,train
20,Group 3/21.log,Group 3,Group 3,21.log,OC1=C(SC2=C(C(SC3=C(O)C(S4)=CC=C3)=CC=C2)OCCCCCCCC)C=CC=C1SC5=C(OCCCCCCCC)C4=CC=C5,train
21,Group 3/22.log,Group 3,Group 3,22.log,OC1=C(SC2=C(C(SC3=C(O)C(S4)=CC([N+]([O-])=O)=C3)=CC=C2)OCCCCCCCCCCCC)C=C([N+]([O-])=O)C=C1SC5=C(OCCCCCCCCCCCC)C4=CC=C5,train
22,Group 3/23.log,Group 3,Group 3,23.log,ClC1=CC(CC2=C3)=C(OCCCCCCCCCCCC)C(CC4=CC(C(C)(C)C)=CC(CC5=CC(Cl)=CC(CC(C=C3C(C)(C)C)=C2OCCCC)=C5OCCCCCCCCCCCC)=C4OCCCC)=C1,train
23,Group 3/24.log,Group 3,Group 3,24.log,BrC(C=C1S2)=CC(SC3=CC(Br)=CC(SC4=C(O[Si](C)(C)C(C)(C)C)C(SC5=CC(Br)=CC2=C5O)=CC(Br)=C4)=C3OCCCCCCCCCCCC)=C1O[Si](C)(C)C(C)(C)C,train
25,Group 3/26.log,Group 3,Group 3,26.log,OC1=C2C=CC=C1SC3=CC=CC(SC4=C(C(SC(C=CC=C5S2)=C5OCCCCCCCCCCCC)=CC=C4)OCCCCCCCCCCCC)=C3OCCCCCCCCCCCC,train
26,Group 4/27.log,Group 4,Group 4,27.log,CC(C)(C)C1=CC(CC2=C3)=C(OCC#C)C(CC4=CC(C(C)(C)C)=CC(CC5=CC(C(C)(C)C)=CC(CC(C=C3C(C)(C)C)=C2OCC#C)=C5OCC#C)=C4OCC#C)=C1,train
27,Group 4/28.log,Group 4,Group 4,28.log,CC(C)(C1=CC(CC2=C(C(CC(C=C(C=C3C4)C(C)(C)C)=C3OCC#C)=CC(C(C)(C)C)=C2)OCC#C)=C(OCC#C)C(CC5=CC(C(C)(C)C)=CC4=C5OCC#C)=C1)C,train
28,Group 4/29.log,Group 4,Group 4,29.log,CC(C1=CC2=C(OCC#C)C(CC3=CC(C(C)(C)C)=CC(CC4=CC(C(C)(C)C)=CC(CC5=CC(C(C)(C)C)=CC(C2)=C5OCC#C)=C4OCC#C)=C3OCC#C)=C1)(C)C,train
29,Group 4/30.log,Group 4,Group 4,30.log,C#CCOC1=C2C=CC=C1CC3=CC=CC(CC4=CC=CC(CC(C=CC=C5C2)=C5OCC#C)=C4OCC#C)=C3OCC#C,train
31,Group 4/32.log,Group 4,Group 4,32.log,OC1=C(CC2=C(C(CC3=C(O)C(CC4=CC(C(C)(C)C)=CC(CC1=C5)=C4OCC=C)=CC(C(C)(C)C)=C3)=CC(C(C)(C)C)=C2)OCC=C)C=C5C(C)(C)C,train
32,Group 4/33.log,Group 4,Group 4,33.log,OC1=C(CC2=C(C(CC3=C(O)C(C4)=CC=C3)=CC=C2)OCC=C)C=CC=C1CC5=C(OCC=C)C4=CC=C5,train
34,Group 4/35.log,Group 4,Group 4,35.log,CC(C1=CC2=C(OCC=C)C(SC3=CC(C(C)(C)C)=CC(SC4=CC(C(C)(C)C)=CC(SC5=CC(C(C)(C)C)=CC(S2)=C5OCC=C)=C4OCC=C)=C3OCC=C)=C1)(C)C,train
35,Group 4/36.log,Group 4,Group 4,36.log,CC(C1=CC2=C(OCC#C)C(SC3=CC(C(C)(C)C)=CC(SC4=CC(C(C)(C)C)=CC(SC5=CC(C(C)(C)C)=CC(S2)=C5OCC#C)=C4OCC#C)=C3OCC#C)=C1)(C)C,train
36,Group 4/36_iso.log,Group 4,Group 4,36_iso.log,CC(C)(C1=CC(SC2=C(C(SC(C=C(C=C3S4)C(C)(C)C)=C3OCC#C)=CC(C(C)(C)C)=C2)OCC#C)=C(OCC#C)C(SC5=CC(C(C)(C)C)=CC4=C5OCC#C)=C1)C,train
37,Group 4/37_iso.log,Group 4,Group 4,37_iso.log,C#CCOC1=C(SC2=CC=CC(S3)=C2OCC#C)C=CC=C1SC4=C(OCC#C)C(SC5=CC=CC3=C5OCC#C)=CC=C4,train
38,Group 4/37.log,Group 4,Group 4,37.log,C#CCOC1=C(S2)C=CC=C1SC(C=CC=C3SC4=C(OCC#C)C(SC5=CC=CC2=C5OCC#C)=CC=C4)=C3OCC#C,train
39,Group 4/38.log,Group 4,Group 4,38.log,BrC1=CC(SC2=CC(Br)=CC(SC3=C(OCC#C)C(SC4=CC(Br)=CC(SC5=C1)=C4OCC#C)=CC(Br)=C3)=C2OCC#C)=C5OCC#C,train
40,Group 4/38_iso.log,Group 4,Group 4,38_iso.log,BrC(C=C1S2)=CC(SC3=CC(Br)=CC(SC4=C(OCC#C)C(SC5=CC(Br)=CC2=C5OCC#C)=CC(Br)=C4)=C3OCC#C)=C1OCC#C,train
41,Group 4/39.log,Group 4,Group 4,39.log,OC1=C(SC2=C(C(SC3=C(O)C(SC4=CC(C(C)(C)C)=CC(SC1=C5)=C4OCC#C)=CC(C(C)(C)C)=C3)=CC(C(C)(C)C)=C2)OCC#C)C=C5C(C)(C)C,train
43,Group 4/40.log,Group 4,Group 4,40.log,CC(C)(C)C1=CC(CC2=C3)=C(OCCC#C)C(CC4=CC(C(C)(C)C)=CC(CC5=CC(C(C)(C)C)=CC(CC(C=C3C(C)(C)C)=C2OCCC#C)=C5OCCC#C)=C4OCCC#C)=C1,train
44,Group 4/41.log,Group 4,Group 4,41.log,CC(C)(C1=CC(CC2=C(C(CC(C=C(C=C3C4)C(C)(C)C)=C3OCCCC#C)=CC(C(C)(C)C)=C2)OCCCC#C)=C(OCCCC#C)C(CC5=CC(C(C)(C)C)=CC4=C5OCCCC#C)=C1)C,train
46,Group 4/43.log,Group 4,Group 4,43.log,CC(C)(C)C1=CC(CC2=C3)=C(OCCCCC#C)C(CC4=CC(C(C)(C)C)=CC(CC5=CC(C(C)(C)C)=CC(CC(C=C3C(C)(C)C)=C2OCCCCC#C)=C5OCCCCC#C)=C4OCCCCC#C)=C1,train
47,Group 4/44.log,Group 4,Group 4,44.log,CC(C1=CC2=C(OCCC#C)C(SC3=CC(C(C)(C)C)=CC(SC4=CC(C(C)(C)C)=CC5=C4OCCC#CC(C(C=C6S5)=CC(S2)=C6OCCC#C)(C)C)=C3OCCC#C)=C1)(C)C,train
48,Group 4/45.log,Group 4,Group 4,45.log,CC(C1=CC2=C(OCCCC#C)C(SC3=CC(C(C)(C)C)=CC(SC4=CC(C(C)(C)C)=CC(SC5=CC(C(C)(C)C)=CC(S2)=C5OCCCC#C)=C4OCCCC#C)=C3OCCCC#C)=C1)(C)C,train
50,Group 4/47.log,Group 4,Group 4,47.log,OC1=C(SC2=C(C(SC3=C(O)C(SC4=CC(C(C)(C)C)=CC(SC1=C5)=C4OCCC#C)=CC(C(C)(C)C)=C3)=CC(C(C)(C)C)=C2)OCCC#C)C=C5C(C)(C)C,train
51,Group 4/48.log,Group 4,Group 4,48.log,OC1=C(SC2=C(C(SC3=C(O)C(SC4=CC(C(C)(C)C)=CC(SC1=C5)=C4OCCCC#C)=CC(C(C)(C)C)=C3)=CC(C(C)(C)C)=C2)OCCCC#C)C=C5C(C)(C)C,train
52,Group 4/49.log,Group 4,Group 4,49.log,OC1=C(SC2=C(C(SC3=C(O)C(SC4=CC(C(C)(C)C)=CC(SC1=C5)=C4OCCCCC#C)=CC(C(C)(C)C)=C3)=CC(C(C)(C)C)=C2)OCCCCC#C)C=C5C(C)(C)C,train
53,Group 4/50.log,Group 4,Group 4,50.log,OC1=C(SC2=C(C(SC3=C(O)C(SC4=CC(C(C)(C)C)=CC(SC1=C5)=C4OCC#C)=CC(C(C)(C)C)=C3)=CC(C(C)(C)C)=C2)O)C=C5C(C)(C)C,train
54,Group 4/51.log,Group 4,Group 4,51.log,OC1=C(SC2=C(C(SC3=C(O)C(SC4=CC(C(C)(C)C)=CC(SC1=C5)=C4OCCC#C)=CC(C(C)(C)C)=C3)=CC(C(C)(C)C)=C2)O)C=C5C(C)(C)C,train
56,Group 4/53.log,Group 4,Group 4,53.log,OC1=C(SC2=C(C(SC3=C(O)C(SC4=CC(C(C)(C)C)=CC(SC1=C5)=C4OCCCCC#C)=CC(C(C)(C)C)=C3)=CC(C(C)(C)C)=C2)O)C=C5C(C)(C)C,train
57,Group 4/54.log,Group 4,Group 4,54.log,OC1=C(CC2=C(C(CC3=C(OCC#C)C(CC4=CC(C(C)(C)C)=CC(CC1=C5)=C4OCC#C)=CC(C(C)(C)C)=C3)=CC(C(C)(C)C)=C2)O)C=C5C(C)(C)C,train
58,Group 5/55.log,Group 5,Group 5,55.log,CC(C1=CC2=C(OCCC#C)C(SC3=CC(C(C)(C)C)=CC(SC4=CC(C(C)(C)C)=CC5=C4OCCC#CC(C(C=C6S5)=CC(S2)=C6OCCCCCCCCCCCC)(C)C)=C3OCCCCCCCCCCCC)=C1)(C)C,train
60,Group 5/57.log,Group 5,Group 5,57.log,CC(C1=CC2=C(OCCCCC#C)C(SC3=CC(C(C)(C)C)=CC(SC4=CC(C(C)(C)C)=CC(SC5=CC(C(C)(C)C)=CC(S2)=C5OCCCCCCCCCCCC)=C4OCCCCC#C)=C3OCCCCCCCCCCCC)=C1)(C)C,train
61,Group 6/58.log,Group 6,Group 6,58.log,OC1=C(CC2=C(C(CC3=C(O)C(CC4=CC(C(C)(C)C)=CC(CC1=C5)=C4OCCBr)=CC(C(C)(C)C)=C3)=CC(C(C)(C)C)=C2)OCCBr)C=C5C(C)(C)C,train
63,Group 6/60.log,Group 6,Group 6,60.log,OC1=C(CC2=C(C(CC3=C(O)C(CC4=CC(C(C)(C)C)=CC(CC1=C5)=C4OCCCCBr)=CC(C(C)(C)C)=C3)=CC(C(C)(C)C)=C2)OCCCCBr)C=C5C(C)(C)C,train
65,Group 6/62.log,Group 6,Group 6,62.log,CC(C1=CC2=C(OCCCBr)C(SC3=CC(C(C)(C)C)=CC(SC4=CC(C(C)(C)C)=CC(SC5=CC(C(C)(C)C)=CC(S2)=C5OCCCBr)=C4OCCCBr)=C3OCCCBr)=C1)(C)C,train
66,Group 6/63.log,Group 6,Group 6,63.log,CC(C1=CC2=C(OCCCCBr)C(SC3=CC(C(C)(C)C)=CC(SC4=CC(C(C)(C)C)=CC(SC5=CC(C(C)(C)C)=CC(S2)=C5OCCCCBr)=C4OCCCCBr)=C3OCCCCBr)=C1)(C)C,train
67,Group 6/64.log,Group 6,Group 6,64.log,CC(C1=CC2=C(OCCCCCBr)C(SC3=CC(C(C)(C)C)=CC(SC4=CC(C(C)(C)C)=CC(SC5=CC(C(C)(C)C)=CC(S2)=C5OCCCCCBr)=C4OCCCCCBr)=C3OCCCCCBr)=C1)(C)C,train
68,Group 6/65.log,Group 6,Group 6,65.log,CC(C1=CC2=C(OCCCCCCBr)C(SC3=CC(C(C)(C)C)=CC(SC4=CC(C(C)(C)C)=CC(SC5=CC(C(C)(C)C)=CC(S2)=C5OCCCCCCBr)=C4OCCCCCCBr)=C3OCCCCCCBr)=C1)(C)C,train
69,Group 6/66.log,Group 6,Group 6,66.log,CC(C1=CC2=C(OCCCCCCCCCCCC)C(SC3=CC(C(C)(C)C)=CC(SC4=CC(C(C)(C)C)=CC(SC5=CC(C(C)(C)C)=CC(S2)=C5OCCCBr)=C4OCCCCCCCCCCCC)=C3OCCCBr)=C1)(C)C,train
70,Group 6/67.log,Group 6,Group 6,67.log,CC(C1=CC2=C(OCCCCCCOC3=C(SC4=CC(C(C)(C)C)=CC(S2)=C4OCCCCCCBr)C=C(C(C)(C)C)C=C3S5)C(SC6=CC(C(C)(C)C)=CC5=C6OCCCCCCBr)=C1)(C)C,train
71,Group 7/68.log,Group 7,Group 7,68.log,OC1=C(CC2=C(C(CC3=C(O)C(CC4=CC(/N=N/C5=CC=C([N+]([O-])=O)C=C5)=CC(CC1=C6)=C4O)=CC(/N=N/C7=CC=C([N+]([O-])=O)C=C7)=C3)=CC(/N=N/C8=CC=C([N+]([O-])=O)C=C8)=C2)O)C=C6/N=N/C9=CC=C([N+]([O-])=O)C=C9,train
73,Group 7/70.log,Group 7,Group 7,70.log,OC1=C(SC2=C(C(SC3=C(O)C(SC4=CC(/N=N/C5=CC=C([N+]([O-])=O)C=C5)=CC(SC1=C6)=C4OCCCBr)=CC(/N=N/C7=CC=C([N+]([O-])=O)C=C7)=C3)=CC(/N=N/C8=CC=C([N+]([O-])=O)C=C8)=C2)OCCCBr)C=C6/N=N/C9=CC=C([N+]([O-])=O)C=C9,train
74,Group 7/71.log,Group 7,Group 7,71.log,OC1=C(SC2=C(C(SC3=C(O)C(SC4=CC(C(C)(C)C)=CC(SC1=C5)=C4OCCCOC6=CC=C(/N=N/C7=CC=C([N+]([O-])=O)C=C7)C=C6)=CC(C(C)(C)C)=C3)=CC(C(C)(C)C)=C2)OCCCOC8=CC=C(/N=N/C9=CC=C([N+]([O-])=O)C=C9)C=C8)C=C5C(C)(C)C,train
75,Group 7/72.log,Group 7,Group 7,72.log,OC(C=C1)=CC=C1/N=N/C2=CC=C([N+]([O-])=O)C=C2,train
77,Group 7/74.log,Group 7,Group 7,74.log,CCCCCCCCOC(C=C1)=CC=C1/N=N/C2=CC=C([N+]([O-])=O)C=C2,train
78,Group 7/75.log,Group 7,Group 7,75.log,OCCN(CC)C(C=C1)=CC=C1/N=N/C2=CC=C([N+]([O-])=O)C=C2,train
79,Group 8/76.log,Group 8,Group 8,76.log,OC1=C(SC2=C(C(SC3=C(O)C(SC4=CC(C(C)(C)C)=CC(SC1=C5)=C4OCCN)=CC(C(C)(C)C)=C3)=CC(C(C)(C)C)=C2)OCCN)C=C5C(C)(C)C,train
80,Group 8/77.log,Group 8,Group 8,77.log,OC1=C(SC2=C(C(SC3=C(O)C(SC4=CC(C(C)(C)C)=CC(SC1=C5)=C4OCCCN)=CC(C(C)(C)C)=C3)=CC(C(C)(C)C)=C2)OCCCN)C=C5C(C)(C)C,train
81,Group 8/78.log,Group 8,Group 8,78.log,OC1=C(SC2=C(C(SC3=C(O)C(SC4=CC(C(C)(C)C)=CC(SC1=C5)=C4OCCN)=CC(C(C)(C)C)=C3)=CC(C(C)(C)C)=C2)O)C=C5C(C)(C)C,train
82,Group 8/79.log,Group 8,Group 8,79.log,OC1=C(SC2=C(C(SC3=C(O)C(SC4=CC(C(C)(C)C)=CC(SC1=C5)=C4OCCCN)=CC(C(C)(C)C)=C3)=CC(C(C)(C)C)=C2)O)C=C5C(C)(C)C,train
83,Group 8/80.log,Group 8,Group 8,80.log,OC1=C(SC2=C(C(SC3=C(O)C(SC4=CC(C(C)(C)C)=CC(SC1=C5)=C4OCCN(CC)CC6=CC=CC=C6)=CC(C(C)(C)C)=C3)=CC(C(C)(C)C)=C2)OCCN(CC)CC7=CC=CC=C7)C=C5C(C)(C)C,train
84,Group 8/81.log,Group 8,Group 8,81.log,CC(C1=CC2=C(OCCCCCCCCCCCC)C(SC3=CC(C(C)(C)C)=CC(SC4=CC(C(C)(C)C)=CC(SC5=CC(C(C)(C)C)=CC(S2)=C5OCCN)=C4OCCCCCCCCCCCC)=C3OCCN)=C1)(C)C,train
85,Group 8/82.log,Group 8,Group 8,82.log,CC(C1=CC2=C(OCCCCCCCCCCCC)C(SC3=CC(C(C)(C)C)=CC(SC4=CC(C(C)(C)C)=CC(SC5=CC(C(C)(C)C)=CC(S2)=C5OCCCN)=C4OCCCCCCCCCCCC)=C3OCCCN)=C1)(C)C,train
86,Group 8/83.log,Group 8,Group 8,83.log,CC(C1=CC2=C(OCCCCCCCCCCCC)C(SC3=CC(C(C)(C)C)=CC(SC4=CC(C(C)(C)C)=CC(SC5=CC(C(C)(C)C)=CC(S2)=C5OCCCN=[N+]=[N-])=C4OCCCCCCCCCCCC)=C3OCCCN=[N+]=[N-])=C1)(C)C,train
87,Group 8/84.log,Group 8,Group 8,84.log,CC(C1=CC2=C(OCCN=[N+]=[N-])C(SC3=CC(C(C)(C)C)=CC(SC4=CC(C(C)(C)C)=CC(SC5=CC(C(C)(C)C)=CC(S2)=C5OCCN=[N+]=[N-])=C4OCCN=[N+]=[N-])=C3OCCN=[N+]=[N-])=C1)(C)C,train
88,Group 8/85.log,Group 8,Group 8,85.log,CC(C1=CC2=C(OCCCN=[N+]=[N-])C(SC3=CC(C(C)(C)C)=CC(SC4=CC(C(C)(C)C)=CC(SC5=CC(C(C)(C)C)=CC(S2)=C5OCCCN=[N+]=[N-])=C4OCCCN=[N+]=[N-])=C3OCCCN=[N+]=[N-])=C1)(C)C,train
90,Group 8/87.log,Group 8,Group 8,87.log,CC(C1=CC2=C(OCCCCCN=[N+]=[N-])C(SC3=CC(C(C)(C)C)=CC(SC4=CC(C(C)(C)C)=CC(SC5=CC(C(C)(C)C)=CC(S2)=C5OCCCCCN=[N+]=[N-])=C4OCCCCCN=[N+]=[N-])=C3OCCCCCN=[N+]=[N-])=C1)(C)C,train
93,Group 8/90.log,Group 8,Group 8,90.log,OC1=C(SC2=C(C(SC3=C(O)C(SC4=CC(C(C)(C)C)=CC(SC1=C5)=C4OCCCN=[N+]=[N-])=CC(C(C)(C)C)=C3)=CC(C(C)(C)C)=C2)O)C=C5C(C)(C)C,train
94,Group 9/91.log,Group 9,Group 9,91.log,CC(C)(C1=CC(CC2=C(C(CC(C=C(C=C3C4)C(C)(C)C)=C3OCC5=CC(C6=CC=CC=C6)=NN5)=CC(C(C)(C)C)=C2)OCC7=CC(C8=CC=CC=C8)=NN7)=C(OCC9=CC(C%10=CC=CC=C%10)=NN9)C(CC%11=CC(C(C)(C)C)=CC4=C%11OCC%12=CC(C%13=CC=CC=C%13)=NN%12)=C1)C,train
95,Group 9/92.log,Group 9,Group 9,92.log,CC(C)(C1=CC(CC2=C(C(CC(C=C(C=C3C4)C(C)(C)C)=C3OCC5=CC(C6=CC=C(C)C=C6)=NN5)=CC(C(C)(C)C)=C2)OCC7=CC(C8=CC=C(C)C=C8)=NN7)=C(OCC9=CC(C%10=CC=C(C)C=C%10)=NN9)C(CC%11=CC(C(C)(C)C)=CC4=C%11OCC%12=CC(C%13=CC=C(C)C=C%13)=NN%12)=C1)C,train
96,Group 9/93.log,Group 9,Group 9,93.log,CC(C)(C1=CC(CC2=C(C(CC(C=C(C=C3C4)C(C)(C)C)=C3OCC5=CC(C6=CC=C(Cl)C=C6)=NN5)=CC(C(C)(C)C)=C2)OCC7=CC(C8=CC=C(Cl)C=C8)=NN7)=C(OCC9=CC(C%10=CC=C(Cl)C=C%10)=NN9)C(CC%11=CC(C(C)(C)C)=CC4=C%11OCC%12=CC(C%13=CC=C(Cl)C=C%13)=NN%12)=C1)C,train
97,Group 9/94.log,Group 9,Group 9,94.log,CC(C)(C1=CC(CC2=C(C(CC(C=C(C=C3C4)C(C)(C)C)=C3OCC5=CC(C6=CC=C(OC)C=C6)=NN5)=CC(C(C)(C)C)=C2)OCC7=CC(C8=CC=C(OC)C=C8)=NN7)=C(OCC9=CC(C%10=CC=C(OC)C=C%10)=NN9)C(CC%11=CC(C(C)(C)C)=CC4=C%11OCC%12=CC(C%13=CC=C(OC)C=C%13)=NN%12)=C1)C,train
98,Group 9/95.log,Group 9,Group 9,95.log,CC(C)(C)C1=CC(CC2=C3)=C(OCC4=CC(C5=CC=C(C)C=C5)=NN4)C(CC6=CC(C(C)(C)C)=CC(CC7=CC(C(C)(C)C)=CC(CC(C=C3C(C)(C)C)=C2OCC8=CC(C9=CC=C(C)C=C9)=NN8)=C7OCC%10=CC(C%11=CC=C(C)C=C%11)=N[N]%10)=C6OCC%12=CC(C%13=CC=C(C)C=C%13)=NN%12)=C1,train
99,Group 9/96.log,Group 9,Group 9,96.log,CC(C)(C)C1=CC(CC2=C3)=C(OCC4=CC(C5=CC=C(Cl)C=C5)=NN4)C(CC6=CC(C(C)(C)C)=CC(CC7=CC(C(C)(C)C)=CC(CC(C=C3C(C)(C)C)=C2OCC8=CC(C9=CC=C(Cl)C=C9)=NN8)=C7OCC%10=CC(C%11=CC=C(Cl)C=C%11)=N[N]%10)=C6OCC%12=CC(C%13=CC=C(Cl)C=C%13)=NN%12)=C1,train
100,Group 9/97.log,Group 9,Group 9,97.log,CC(C)(C)C1=CC(CC2=C3)=C(OCC4=CC(C5=CC=C(OC)C=C5)=NN4)C(CC6=CC(C(C)(C)C)=CC(CC7=CC(C(C)(C)C)=CC(CC(C=C3C(C)(C)C)=C2OCC8=CC(C9=CC=C(OC)C=C9)=NN8)=C7OCC%10=CC(C%11=CC=C(OC)C=C%11)=NN%10)=C6OCC%12=CC(C%13=CC=C(OC)C=C%13)=NN%12)=C1,train
102,Group 9/99.log,Group 9,Group 9,99.log,CC(C1=CC2=C(OCC3=CC(C4=CC=CC=C4)=NN3)C(CC5=CC(C(C)(C)C)=CC(CC6=CC(C(C)(C)C)=CC(CC7=CC(C(C)(C)C)=CC(C2)=C7OCC8=CC(C9=CC=CC=C9)=NN8)=C6OCC%10=CC(C%11=CC=CC=C%11)=NN%10)=C5OCC%12=CC(C%13=CC=CC=C%13)=NN%12)=C1)(C)C,train
103,Group 9/100.log,Group 9,Group 9,100.log,CC(C1=CC2=C(OCC3=CC(C4=CC=C(C)C=C4)=NN3)C(CC5=CC(C(C)(C)C)=CC(CC6=CC(C(C)(C)C)=CC(CC7=CC(C(C)(C)C)=CC(C2)=C7OCC8=CC(C9=CC=C(C)C=C9)=NN8)=C6OCC%10=CC(C%11=CC=C(C)C=C%11)=NN%10)=C5OCC%12=CC(C%13=CC=C(C)C=C%13)=NN%12)=C1)(C)C,train
104,Group 9/101.log,Group 9,Group 9,101.log,CC(C1=CC2=C(OCC3=CC(C4=CC=C(Cl)C=C4)=NN3)C(CC5=CC(C(C)(C)C)=CC(CC6=CC(C(C)(C)C)=CC(CC7=CC(C(C)(C)C)=CC(C2)=C7OCC8=CC(C9=CC=C(Cl)C=C9)=NN8)=C6OCC%10=CC(C%11=CC=C(Cl)C=C%11)=NN%10)=C5OCC%12=CC(C%13=CC=C(Cl)C=C%13)=NN%12)=C1)(C)C,train
105,Group 9/102.log,Group 9,Group 9,102.log,CC(C1=CC2=C(OCC3=CC(C4=CC=C(OC)C=C4)=NN3)C(CC5=CC(C(C)(C)C)=CC(CC6=CC(C(C)(C)C)=CC(CC7=CC(C(C)(C)C)=CC(C2)=C7OCC8=CC(C9=CC=C(OC)C=C9)=NN8)=C6OCC%10=CC(C%11=CC=C(OC)C=C%11)=NN%10)=C5OCC%12=CC(C%13=CC=C(OC)C=C%13)=NN%12)=C1)(C)C,train
107,Group 9/104.log,Group 9,Group 9,104.log,CC(C1=CC2=C(OCCCC3=CC(C4=CC=CC=C4)=NN3)C(CC5=CC(C(C)(C)C)=CC(CC6=CC(C(C)(C)C)=CC(CC7=CC(C(C)(C)C)=CC(C2)=C7OCCCC8=CC(C9=CC=CC=C9)=NN8)=C6OCCCC%10=CC(C%11=CC=CC=C%11)=NN%10)=C5OCCCC%12=CC(C%13=CC=CC=C%13)=NN%12)=C1)(C)C,train
109,Group 9/106.log,Group 9,Group 9,106.log,CC(C1=CC2=C(OCCCC3=CC(C4=CC=CC=C4)=NN3)C(SC5=CC(C(C)(C)C)=CC(SC6=CC(C(C)(C)C)=CC(SC7=CC(C(C)(C)C)=CC(S2)=C7OCCCC8=CC(C9=CC=CC=C9)=NN8)=C6OCCCC%10=CC(C%11=CC=CC=C%11)=NN%10)=C5OCCCC%12=CC(C%13=CC=CC=C%13)=NN%12)=C1)(C)C,train
111,Group 9/108.log,Group 9,Group 9,108.log,CC(C1=CC2=C(OCCCCCN3C=CC=N3)C(SC4=CC(C(C)(C)C)=CC(SC5=CC(C(C)(C)C)=CC(SC6=CC(C(C)(C)C)=CC(S2)=C6OCCCCCN7C=CC=N7)=C5OCCCCCN8N=CC=C8)=C4OCCCCCN9N=CC=C9)=C1)(C)C,train
112,Group 9/109.log,Group 9,Group 9,109.log,CC(C)(C)C(C=C1)=CC=C1OCC2=N3N([H][N]4C(COC5=CC=C(C(C)(C)C)C=C5)=CC(C6=CC=CC=C6)=[N]4[H]N(N([H][N]7[N]([H]3)=C(C8=CC=CC=C8)C=C7COC9=CC=C(C(C)(C)C)C=C9)C(C%10=CC=CC=C%10)=C%11)=C%11COC%12=CC=C(C(C)(C)C)C=C%12)C(C%13=CC=CC=C%13)=C2,train
113,Group 9/110.log,Group 9,Group 9,110.log,CC(C)(C)C(C=C1)=CC=C1OCC2=CC(C3=CC=CC=C3)=N([H]N([N]([H][N]4N5=C(C6=CC=CC=C6)C=C4COC7=CC=C(C(C)(C)C)C=C7)C(COC8=CC=C(C(C)(C)C)C=C8)=C9)=C9C%10=CC=CC=C%10)[N]2[H][N]%11N([H]5)=C(C%12=CC=CC=C%12)C=C%11COC%13=CC=C(C(C)(C)C)C=C%13,train
115,Group 10/112.log,Group 10,Group 10,112.log,OC1=CC(C2=NC=CC=C2)=NC(C3=CC=CC=N3)=C1,train
116,Group 10/113.log,Group 10,Group 10,113.log,OCCNC1=CC(C2=NC=CC=C2)=NC(C3=CC=CC=N3)=C1,train
117,Group 10/114.log,Group 10,Group 10,114.log,O=S(OC1=CC(C2=NC=CC=C2)=NC(C3=CC=CC=N3)=C1)(C(F)(F)F)=O,train
118,Group 10/115.log,Group 10,Group 10,115.log,CC(C1=CC2=C(OCCCOC3=CC(C4=NC=CC=C4)=NC(C5=CC=CC=N5)=C3)C(SC6=CC(C(C)(C)C)=CC(SC7=CC(C(C)(C)C)=CC(SC8=CC(C(C)(C)C)=CC(S2)=C8OCCCOC9=CC(C%10=NC=CC=C%10)=NC(C%11=CC=CC=N%11)=C9)=C7OCCCOC%12=CC(C%13=NC=CC=C%13)=NC(C%14=CC=CC=N%14)=C%12)=C6OCCCOC%15=CC(C%16=NC=CC=C%16)=NC(C%17=CC=CC=N%17)=C%15)=C1)(C)C,train
119,Group 10/116.log,Group 10,Group 10,116.log,CC(C1=CC2=C(OCCCCOC3=CC(C4=NC=CC=C4)=NC(C5=CC=CC=N5)=C3)C(SC6=CC(C(C)(C)C)=CC(SC7=CC(C(C)(C)C)=CC(SC8=CC(C(C)(C)C)=CC(S2)=C8OCCCCOC9=CC(C%10=NC=CC=C%10)=NC(C%11=CC=CC=N%11)=C9)=C7OCCCCOC%12=CC(C%13=NC=CC=C%13)=NC(C%14=CC=CC=N%14)=C%12)=C6OCCCCOC%15=CC(C%16=NC=CC=C%16)=NC(C%17=CC=CC=N%17)=C%15)=C1)(C)C,train
121,Group 10/118.log,Group 10,Group 10,118.log,NNC1=CC(C2=NC=CC=C2)=NC(C3=CC=CC=N3)=C1,train
123,Group 10/120.log,Group 10,Group 10,120.log,CCCCCCCCCCCCSC1=CC(C2=NC=CC=C2)=NC(C3=CC=CC=N3)=C1,train
124,Group 10/121.log,Group 10,Group 10,121.log,CC(C1=CC2=C(OCCCSC3=CC(C4=NC=CC=C4)=NC(C5=CC=CC=N5)=C3)C(SC6=CC(C(C)(C)C)=CC(SC7=CC(C(C)(C)C)=CC(SC8=CC(C(C)(C)C)=CC(S2)=C8OCCCSC9=CC(C%10=NC=CC=C%10)=NC(C%11=CC=CC=N%11)=C9)=C7OCCCSC%12=CC(C%13=NC=CC=C%13)=NC(C%14=CC=CC=N%14)=C%12)=C6OCCCSC%15=CC(C%16=NC=CC=C%16)=NC(C%17=CC=CC=N%17)=C%15)=C1)(C)C,train
125,Group 10/122.log,Group 10,Group 10,122.log,CC(C1=CC2=C(OCCCCCSC3=CC(C4=NC=CC=C4)=NC(C5=CC=CC=N5)=C3)C(SC6=CC(C(C)(C)C)=CC(SC7=CC(C(C)(C)C)=CC(SC8=CC(C(C)(C)C)=CC(S2)=C8OCCCCCSC9=CC(C%10=NC=CC=C%10)=NC(C%11=CC=CC=N%11)=C9)=C7OCCCCCSC%12=CC(C%13=NC=CC=C%13)=NC(C%14=CC=CC=N%14)=C%12)=C6OCCCCCSC%15=CC(C%16=NC=CC=C%16)=NC(C%17=CC=CC=N%17)=C%15)=C1)(C)C,train
126,Group 10/123.log,Group 10,Group 10,123.log,CC(C1=CC2=C(OCCCCCCCCCCCC)C(SC3=CC(C(C)(C)C)=CC(SC4=CC(C(C)(C)C)=CC(SC5=CC(C(C)(C)C)=CC(S2)=C5OCCCOC6=CC(C7=NC=CC=C7)=NC(C8=CC=CC=N8)=C6)=C4OCCCCCCCCCCCC)=C3OCCCOC9=CC(C%10=NC=CC=C%10)=NC(C%11=CC=CC=N%11)=C9)=C1)(C)C,train
127,Group 11/124.log,Group 11,Group 11,124.log,CC(C1=CC2=C(OCC3=CN(CCOC(C(SC(C=C4C(C)(C)C)=C5O)=C6)=C(C=C6C(C)(C)C)SC7=C(O)C(SC(C=C(C=C8SC5=C4)C(C)(C)C)=C8O)=CC(C(C)(C)C)=C7)N=N3)C(SC9=CC(C(C)(C)C)=CC(SC%10=CC(C(C)(C)C)=CC(SC%11=CC(C(C)(C)C)=CC(S2)=C%11OCC%12=CN(CCOC%13=C(SC%14=C%15)C=C(C(C)(C)C)C=C%13SC%16=CC(C(C)(C)C)=CC(SC%17=CC(C(C)(C)C)=CC(SC(C=C%15C(C)(C)C)=C%14O)=C%17O)=C%16O)N=N%12)=C%10OCC%18=CN(CCOC%19=C(C=C(C=C%19SC%20=C%21)C(C)(C)C)SC%22=CC(C(C)(C)C)=CC(SC%23=C(O)C(SC(C=C%21C(C)(C)C)=C%20O)=CC(C(C)(C)C)=C%23)=C%22O)N=N%18)=C9OCC%24=CN(CCOC%25=C(SC(C=C%26C(C)(C)C)=C%27O)C=C(C(C)(C)C)C=C%25SC%28=C(O)C(SC%29=CC(C(C)(C)C)=CC(SC%27=C%26)=C%29O)=CC(C(C)(C)C)=C%28)N=N%24)=C1)(C)C,train
128,Group 11/125.log,Group 11,Group 11,125.log,CC(C1=CC2=C(OCC3=CN(CCCOC(C(SC(C=C4C(C)(C)C)=C5O)=C6)=C(C=C6C(C)(C)C)SC7=C(O)C(SC(C=C(C=C8SC5=C4)C(C)(C)C)=C8O)=CC(C(C)(C)C)=C7)N=N3)C(SC9=CC(C(C)(C)C)=CC(SC%10=CC(C(C)(C)C)=CC(SC%11=CC(C(C)(C)C)=CC(S2)=C%11OCC%12=CN(CCCOC%13=C(SC%14=C%15)C=C(C(C)(C)C)C=C%13SC%16=CC(C(C)(C)C)=CC(SC%17=CC(C(C)(C)C)=CC(SC(C=C%15C(C)(C)C)=C%14O)=C%17O)=C%16O)N=N%12)=C%10OCC%18=CN(CCCOC%19=C(C=C(C=C%19SC%20=C%21)C(C)(C)C)SC%22=CC(C(C)(C)C)=CC(SC%23=C(O)C(SC(C=C%21C(C)(C)C)=C%20O)=CC(C(C)(C)C)=C%23)=C%22O)N=N%18)=C9OCC%24=CN(CCCOC%25=C(SC(C=C%26C(C)(C)C)=C%27O)C=C(C(C)(C)C)C=C%25SC%28=C(O)C(SC%29=CC(C(C)(C)C)=CC(SC%27=C%26)=C%29O)=CC(C(C)(C)C)=C%28)N=N%24)=C1)(C)C,train
129,Group 11/126.log,Group 11,Group 11,126.log,CC(C1=CC(SC2=C(O)C(SC(C=C(C=C3SC4=C5)C(C)(C)C)=C3O)=CC(C(C)(C)C)=C2)=C(OCCN6N=NC(CCOC(C(SC7=CC(C(C)(C)C)=CC(SC8=CC(C(C)(C)C)=CC(S9)=C8OCCC%10=CN(CCOC%11=C(C=C(C=C%11SC%12=C%13)C(C)(C)C)SC%14=CC(C(C)(C)C)=CC(SC%15=C(O)C(SC(C=C%13C(C)(C)C)=C%12O)=CC(C(C)(C)C)=C%15)=C%14O)N=N%10)=C7OCCC%16=CN(CCOC%17=C(SC(C=C%18C(C)(C)C)=C%19O)C=C(C(C)(C)C)C=C%17SC%20=C(O)C(SC%21=CC(C(C)(C)C)=CC(SC%19=C%18)=C%21O)=CC(C(C)(C)C)=C%20)N=N%16)=CC(C(C)(C)C)=C%22)=C%22SC%23=C(C9=CC(C(C)(C)C)=C%23)OCCC%24=CN(CCOC%25=C(SC%26=C%27)C=C(C(C)(C)C)C=C%25SC%28=CC(C(C)(C)C)=CC(SC%29=CC(C(C)(C)C)=CC(SC(C=C%27C(C)(C)C)=C%26O)=C%29O)=C%28O)N=N%24)=C6)C(SC(C=C5C(C)(C)C)=C4O)=C1)(C)C,train
130,Group 11/127.log,Group 11,Group 11,127.log,OC1=C(SC2=C3)C=C(C(C)(C)C)C=C1SC4=CC(C(C)(C)C)=CC(SC5=CC(C(C)(C)C)=CC(SC(C=C3C(C)(C)C)=C2O)=C5OCCCN(N=N6)C=C6CCOC7=C(SC8=CC(C(C)(C)C)=CC(SC9=CC(C(C)(C)C)=CC(S%10)=C9OCCC%11=CN(CCCOC%12=C(SC%13=C%14)C=C(C(C)(C)C)C=C%12SC%15=CC(C(C)(C)C)=CC(SC%16=CC(C(C)(C)C)=CC(SC(C=C%14C(C)(C)C)=C%13O)=C%16O)=C%15O)N=N%11)=C8OCCC%17=CN(CCCOC%18=C(C=C(C=C%18SC%19=C%20)C(C)(C)C)SC%21=CC(C(C)(C)C)=CC(SC%22=C(O)C(SC(C=C%20C(C)(C)C)=C%19O)=CC(C(C)(C)C)=C%22)=C%21O)N=N%17)C=C(C(C)(C)C)C=C7SC%23=CC(C(C)(C)C)=CC%10=C%23OCCC%24=CN(CCCOC%25=C(C=C%26C(C)(C)C)SC%27=C(O)C(SC%28=C(O)C(SC%29=CC(C(C)(C)C)=CC(SC%25=C%26)=C%29O)=CC(C(C)(C)C)=C%28)=CC(C(C)(C)C)=C%27)N=N%24)=C4O,train
131,Group 11/128.log,Group 11,Group 11,128.log,CC(C1=CC2=C(OCCCC3=CN(CCOC4=C(C=C5C(C)(C)C)SC6=C(O)C(SC7=C(O)C(SC8=CC(C(C)(C)C)=CC(SC4=C5)=C8O)=CC(C(C)(C)C)=C7)=CC(C(C)(C)C)=C6)N=N3)C(SC9=CC(C(C)(C)C)=CC(SC%10=CC(C(C)(C)C)=CC(SC%11=CC(C(C)(C)C)=CC(S2)=C%11OCCCC%12=CN(CCOC%13=C(SC%14=C%15)C=C(C(C)(C)C)C=C%13SC%16=CC(C(C)(C)C)=CC(SC%17=CC(C(C)(C)C)=CC(SC(C=C%15C(C)(C)C)=C%14O)=C%17O)=C%16O)N=N%12)=C%10OCCCC%18=CN(CCOC%19=C(C=C(C=C%19SC%20=C%21)C(C)(C)C)SC%22=CC(C(C)(C)C)=CC(SC%23=C(O)C(SC(C=C%21C(C)(C)C)=C%20O)=CC(C(C)(C)C)=C%23)=C%22O)N=N%18)=C9OCCCC%24=CN(CCOC%25=C(SC(C=C%26C(C)(C)C)=C%27O)C=C(C(C)(C)C)C=C%25SC%28=C(O)C(SC%29=CC(C(C)(C)C)=CC(SC%27=C%26)=C%29O)=CC(C(C)(C)C)=C%28)N=N%24)=C1)(C)C,train
133,Group 11/131.log,Group 11,Group 11,131.log,CC(C1=CC2=C(OCCCCC3=CN(CCCOC(C(SC(C=C4C(C)(C)C)=C5O)=C6)=C(C=C6C(C)(C)C)SC7=C(O)C(SC(C=C(C=C8SC5=C4)C(C)(C)C)=C8O)=CC(C(C)(C)C)=C7)N=N3)C(SC9=CC(C(C)(C)C)=CC(SC%10=CC(C(C)(C)C)=CC(SC%11=CC(C(C)(C)C)=CC(S2)=C%11OCCCCC%12=CN(CCCOC%13=C(SC%14=C%15)C=C(C(C)(C)C)C=C%13SC%16=CC(C(C)(C)C)=CC(SC%17=CC(C(C)(C)C)=CC(SC(C=C%15C(C)(C)C)=C%14O)=C%17O)=C%16O)N=N%12)=C%10OCCCCC%18=CN(CCCOC%19=C(C=C(C=C%19SC%20=C%21)C(C)(C)C)SC%22=CC(C(C)(C)C)=CC(SC%23=C(O)C(SC(C=C%21C(C)(C)C)=C%20O)=CC(C(C)(C)C)=C%23)=C%22O)N=N%18)=C9OCCCCC%24=CN(CCCOC%25=C(SC(C=C%26C(C)(C)C)=C%27O)C=C(C(C)(C)C)C=C%25SC%28=C(O)C(SC%29=CC(C(C)(C)C)=CC(SC%27=C%26)=C%29O)=CC(C(C)(C)C)=C%28)N=N%24)=C1)(C)C,train
134,Group 11/132.log,Group 11,Group 11,132.log,CC(C1=CC(SC2=C(O)C(SC(C=C(C=C3SC4=C5)C(C)(C)C)=C3O)=CC(C(C)(C)C)=C2)=C(OCC6=CN(N=N6)CCOC(C(SC7=CC(C(C)(C)C)=CC(SC8=CC(C(C)(C)C)=CC(S9)=C8OCCN%10C=C(COC%11=C(C=C(C=C%11SC%12=C%13)C(C)(C)C)SC%14=CC(C(C)(C)C)=CC(SC%15=C(O)C(SC(C=C%13C(C)(C)C)=C%12O)=CC(C(C)(C)C)=C%15)=C%14O)N=N%10)=C7OCCN%16C=C(COC%17=C(SC(C=C%18C(C)(C)C)=C%19O)C=C(C(C)(C)C)C=C%17SC%20=C(O)C(SC%21=CC(C(C)(C)C)=CC(SC%19=C%18)=C%21O)=CC(C(C)(C)C)=C%20)N=N%16)=CC(C(C)(C)C)=C%22)=C%22SC%23=C(C9=CC(C(C)(C)C)=C%23)OCCN%24N=NC(COC%25=C(SC%26=C%27)C=C(C(C)(C)C)C=C%25SC%28=CC(C(C)(C)C)=CC(SC%29=CC(C(C)(C)C)=CC(SC(C=C%27C(C)(C)C)=C%26O)=C%29O)=C%28O)=C%24)C(SC(C=C5C(C)(C)C)=C4O)=C1)(C)C,train
136,Group 11/134.log,Group 11,Group 11,134.log,OC1=C(SC2=C3)C=C(C(C)(C)C)C=C1SC4=CC(C(C)(C)C)=CC(SC5=CC(C(C)(C)C)=CC(SC(C=C3C(C)(C)C)=C2O)=C5OCCCC(N=N6)=CN6CCOC7=C(SC8=CC(C(C)(C)C)=CC(SC9=CC(C(C)(C)C)=CC(S%10)=C9OCCN%11N=NC(CCCOC%12=C(SC%13=C%14)C=C(C(C)(C)C)C=C%12SC%15=CC(C(C)(C)C)=CC(SC%16=CC(C(C)(C)C)=CC(SC(C=C%14C(C)(C)C)=C%13O)=C%16O)=C%15O)=C%11)=C8OCCN%17C=C(CCCOC%18=C(C=C(C=C%18SC%19=C%20)C(C)(C)C)SC%21=CC(C(C)(C)C)=CC(SC%22=C(O)C(SC(C=C%20C(C)(C)C)=C%19O)=CC(C(C)(C)C)=C%22)=C%21O)N=N%17)C=C(C(C)(C)C)C=C7SC%23=CC(C(C)(C)C)=CC%10=C%23OCCN%24N=NC(CCCOC%25=C(C=C%26C(C)(C)C)SC%27=C(O)C(SC%28=C(O)C(SC%29=CC(C(C)(C)C)=CC(SC%25=C%26)=C%29O)=CC(C(C)(C)C)=C%28)=CC(C(C)(C)C)=C%27)=C%24)=C4O,train
137,Group 11/136.log,Group 11,Group 11,136.log,CC(C1=CC2=C(OCCCN3C=C(COC4=C(C=C5C(C)(C)C)SC6=C(O)C(SC7=C(O)C(SC8=CC(C(C)(C)C)=CC(SC4=C5)=C8O)=CC(C(C)(C)C)=C7)=CC(C(C)(C)C)=C6)N=N3)C(SC9=CC(C(C)(C)C)=CC(SC%10=CC(C(C)(C)C)=CC(SC%11=CC(C(C)(C)C)=CC(S2)=C%11OCCCN%12C=C(COC%13=C(SC%14=C%15)C=C(C(C)(C)C)C=C%13SC%16=CC(C(C)(C)C)=CC(SC%17=CC(C(C)(C)C)=CC(SC(C=C%15C(C)(C)C)=C%14O)=C%17O)=C%16O)N=N%12)=C%10OCCCN%18N=NC(COC%19=C(C=C(C=C%19SC%20=C%21)C(C)(C)C)SC%22=CC(C(C)(C)C)=CC(SC%23=C(O)C(SC(C=C%21C(C)(C)C)=C%20O)=CC(C(C)(C)C)=C%23)=C%22O)=C%18)=C9OCCCN%24N=NC(COC%25=C(SC(C=C%26C(C)(C)C)=C%27O)C=C(C(C)(C)C)C=C%25SC%28=C(O)C(SC%29=CC(C(C)(C)C)=CC(SC%27=C%26)=C%29O)=CC(C(C)(C)C)=C%28)=C%24)=C1)(C)C,train
138,Group 11/137.log,Group 11,Group 11,137.log,CC(C1=CC2=C(OCCCN3C=C(CCOC4=C(C=C5C(C)(C)C)SC6=C(O)C(SC7=C(O)C(SC8=CC(C(C)(C)C)=CC(SC4=C5)=C8O)=CC(C(C)(C)C)=C7)=CC(C(C)(C)C)=C6)N=N3)C(SC9=CC(C(C)(C)C)=CC(SC%10=CC(C(C)(C)C)=CC(SC%11=CC(C(C)(C)C)=CC(S2)=C%11OCCCN%12C=C(CCOC%13=C(SC%14=C%15)C=C(C(C)(C)C)C=C%13SC%16=CC(C(C)(C)C)=CC(SC%17=CC(C(C)(C)C)=CC(SC(C=C%15C(C)(C)C)=C%14O)=C%17O)=C%16O)N=N%12)=C%10OCCCN%18N=NC(CCOC%19=C(C=C(C=C%19SC%20=C%21)C(C)(C)C)SC%22=CC(C(C)(C)C)=CC(SC%23=C(O)C(SC(C=C%21C(C)(C)C)=C%20O)=CC(C(C)(C)C)=C%23)=C%22O)=C%18)=C9OCCCN%24N=NC(CCOC%25=C(SC(C=C%26C(C)(C)C)=C%27O)C=C(C(C)(C)C)C=C%25SC%28=C(O)C(SC%29=CC(C(C)(C)C)=CC(SC%27=C%26)=C%29O)=CC(C(C)(C)C)=C%28)=C%24)=C1)(C)C,train
139,Group 11/138.log,Group 11,Group 11,138.log,CC(C1=CC2=C(OCCCN3C=C(CCCOC4=C(C=C5C(C)(C)C)SC6=C(O)C(SC7=C(O)C(SC8=CC(C(C)(C)C)=CC(SC4=C5)=C8O)=CC(C(C)(C)C)=C7)=CC(C(C)(C)C)=C6)N=N3)C(SC9=CC(C(C)(C)C)=CC(SC%10=CC(C(C)(C)C)=CC(SC%11=CC(C(C)(C)C)=CC(S2)=C%11OCCCN%12C=C(CCCOC%13=C(SC%14=C%15)C=C(C(C)(C)C)C=C%13SC%16=CC(C(C)(C)C)=CC(SC%17=CC(C(C)(C)C)=CC(SC(C=C%15C(C)(C)C)=C%14O)=C%17O)=C%16O)N=N%12)=C%10OCCCN%18N=NC(CCCOC%19=C(C=C(C=C%19SC%20=C%21)C(C)(C)C)SC%22=CC(C(C)(C)C)=CC(SC%23=C(O)C(SC(C=C%21C(C)(C)C)=C%20O)=CC(C(C)(C)C)=C%23)=C%22O)=C%18)=C9OCCCN%24N=NC(CCCOC%25=C(SC(C=C%26C(C)(C)C)=C%27O)C=C(C(C)(C)C)C=C%25SC%28=C(O)C(SC%29=CC(C(C)(C)C)=CC(SC%27=C%26)=C%29O)=CC(C(C)(C)C)=C%28)=C%24)=C1)(C)C,train
141,Group 11/140.log,Group 11,Group 11,140.log,CC(C1=CC2=C(OCCCCN3N=NC(COC(C(SC(C=C4C(C)(C)C)=C5O)=C6)=C(C=C6C(C)(C)C)SC7=C(O)C(SC(C=C(C=C8SC5=C4)C(C)(C)C)=C8O)=CC(C(C)(C)C)=C7)=C3)C(SC9=CC(C(C)(C)C)=CC(SC%10=CC(C(C)(C)C)=CC(SC%11=CC(C(C)(C)C)=CC(S2)=C%11OCCCCN%12N=NC(COC%13=C(SC%14=C%15)C=C(C(C)(C)C)C=C%13SC%16=CC(C(C)(C)C)=CC(SC%17=CC(C(C)(C)C)=CC(SC(C=C%15C(C)(C)C)=C%14O)=C%17O)=C%16O)=C%12)=C%10OCCCCN%18C=C(COC%19=C(C=C(C=C%19SC%20=C%21)C(C)(C)C)SC%22=CC(C(C)(C)C)=CC(SC%23=C(O)C(SC(C=C%21C(C)(C)C)=C%20O)=CC(C(C)(C)C)=C%23)=C%22O)N=N%18)=C9OCCCCN%24C=C(COC%25=C(SC(C=C%26C(C)(C)C)=C%27O)C=C(C(C)(C)C)C=C%25SC%28=C(O)C(SC%29=CC(C(C)(C)C)=CC(SC%27=C%26)=C%29O)=CC(C(C)(C)C)=C%28)N=N%24)=C1)(C)C,train
142,Group 11/141.log,Group 11,Group 11,141.log,CC(C1=CC2=C(OCCCCN3N=NC(CCOC(C(SC(C=C4C(C)(C)C)=C5O)=C6)=C(C=C6C(C)(C)C)SC7=C(O)C(SC(C=C(C=C8SC5=C4)C(C)(C)C)=C8O)=CC(C(C)(C)C)=C7)=C3)C(SC9=CC(C(C)(C)C)=CC(SC%10=CC(C(C)(C)C)=CC(SC%11=CC(C(C)(C)C)=CC(S2)=C%11OCCCCN%12N=NC(CCOC%13=C(SC%14=C%15)C=C(C(C)(C)C)C=C%13SC%16=CC(C(C)(C)C)=CC(SC%17=CC(C(C)(C)C)=CC(SC(C=C%15C(C)(C)C)=C%14O)=C%17O)=C%16O)=C%12)=C%10OCCCCN%18C=C(CCOC%19=C(C=C(C=C%19SC%20=C%21)C(C)(C)C)SC%22=CC(C(C)(C)C)=CC(SC%23=C(O)C(SC(C=C%21C(C)(C)C)=C%20O)=CC(C(C)(C)C)=C%23)=C%22O)N=N%18)=C9OCCCCN%24C=C(CCOC%25=C(SC(C=C%26C(C)(C)C)=C%27O)C=C(C(C)(C)C)C=C%25SC%28=C(O)C(SC%29=CC(C(C)(C)C)=CC(SC%27=C%26)=C%29O)=CC(C(C)(C)C)=C%28)N=N%24)=C1)(C)C,train
143,Group 11/142.log,Group 11,Group 11,142.log,CC(C1=CC2=C(OCCCCN3N=NC(CCCOC(C(SC(C=C4C(C)(C)C)=C5O)=C6)=C(C=C6C(C)(C)C)SC7=C(O)C(SC(C=C(C=C8SC5=C4)C(C)(C)C)=C8O)=CC(C(C)(C)C)=C7)=C3)C(SC9=CC(C(C)(C)C)=CC(SC%10=CC(C(C)(C)C)=CC(SC%11=CC(C(C)(C)C)=CC(S2)=C%11OCCCCN%12N=NC(CCCOC%13=C(SC%14=C%15)C=C(C(C)(C)C)C=C%13SC%16=CC(C(C)(C)C)=CC(SC%17=CC(C(C)(C)C)=CC(SC(C=C%15C(C)(C)C)=C%14O)=C%17O)=C%16O)=C%12)=C%10OCCCCN%18C=C(CCCOC%19=C(C=C(C=C%19SC%20=C%21)C(C)(C)C)SC%22=CC(C(C)(C)C)=CC(SC%23=C(O)C(SC(C=C%21C(C)(C)C)=C%20O)=CC(C(C)(C)C)=C%23)=C%22O)N=N%18)=C9OCCCCN%24C=C(CCCOC%25=C(SC(C=C%26C(C)(C)C)=C%27O)C=C(C(C)(C)C)C=C%25SC%28=C(O)C(SC%29=CC(C(C)(C)C)=CC(SC%27=C%26)=C%29O)=CC(C(C)(C)C)=C%28)N=N%24)=C1)(C)C,train
144,Group 11/143.log,Group 11,Group 11,143.log,CC(C1=CC2=C(OCCCCN3N=NC(CCCCOC(C(SC(C=C4C(C)(C)C)=C5O)=C6)=C(C=C6C(C)(C)C)SC7=C(O)C(SC(C=C(C=C8SC5=C4)C(C)(C)C)=C8O)=CC(C(C)(C)C)=C7)=C3)C(SC9=CC(C(C)(C)C)=CC(SC%10=CC(C(C)(C)C)=CC(SC%11=CC(C(C)(C)C)=CC(S2)=C%11OCCCCN%12N=NC(CCCCOC%13=C(SC%14=C%15)C=C(C(C)(C)C)C=C%13SC%16=CC(C(C)(C)C)=CC(SC%17=CC(C(C)(C)C)=CC(SC(C=C%15C(C)(C)C)=C%14O)=C%17O)=C%16O)=C%12)=C%10OCCCCN%18C=C(CCCCOC%19=C(C=C(C=C%19SC%20=C%21)C(C)(C)C)SC%22=CC(C(C)(C)C)=CC(SC%23=C(O)C(SC(C=C%21C(C)(C)C)=C%20O)=CC(C(C)(C)C)=C%23)=C%22O)N=N%18)=C9OCCCCN%24C=C(CCCCOC%25=C(SC(C=C%26C(C)(C)C)=C%27O)C=C(C(C)(C)C)C=C%25SC%28=C(O)C(SC%29=CC(C(C)(C)C)=CC(SC%27=C%26)=C%29O)=CC(C(C)(C)C)=C%28)N=N%24)=C1)(C)C,train
145,Group 11/144.log,Group 11,Group 11,144.log,CC(C1=CC2=C(OCCCCCN3N=NC(COC(C(SC(C=C4C(C)(C)C)=C5O)=C6)=C(C=C6C(C)(C)C)SC7=C(O)C(SC(C=C(C=C8SC5=C4)C(C)(C)C)=C8O)=CC(C(C)(C)C)=C7)=C3)C(SC9=CC(C(C)(C)C)=CC(SC%10=CC(C(C)(C)C)=CC(SC%11=CC(C(C)(C)C)=CC(S2)=C%11OCCCCCN%12N=NC(COC%13=C(SC%14=C%15)C=C(C(C)(C)C)C=C%13SC%16=CC(C(C)(C)C)=CC(SC%17=CC(C(C)(C)C)=CC(SC(C=C%15C(C)(C)C)=C%14O)=C%17O)=C%16O)=C%12)=C%10OCCCCCN%18C=C(COC%19=C(C=C(C=C%19SC%20=C%21)C(C)(C)C)SC%22=CC(C(C)(C)C)=CC(SC%23=C(O)C(SC(C=C%21C(C)(C)C)=C%20O)=CC(C(C)(C)C)=C%23)=C%22O)N=N%18)=C9OCCCCCN%24C=C(COC%25=C(SC(C=C%26C(C)(C)C)=C%27O)C=C(C(C)(C)C)C=C%25SC%28=C(O)C(SC%29=CC(C(C)(C)C)=CC(SC%27=C%26)=C%29O)=CC(C(C)(C)C)=C%28)N=N%24)=C1)(C)C,train
146,Group 11/145.log,Group 11,Group 11,145.log,CC(C1=CC2=C(OCCCCCN3N=NC(CCOC4=C(C=C5C(C)(C)C)SC6=C(O)C(SC7=C(O)C(SC8=CC(C(C)(C)C)=CC(SC4=C5)=C8O)=CC(C(C)(C)C)=C7)=CC(C(C)(C)C)=C6)=C3)C(SC9=CC(C(C)(C)C)=CC(SC%10=CC(C(C)(C)C)=CC(SC%11=CC(C(C)(C)C)=CC(S2)=C%11OCCCCCN%12N=NC(CCOC%13=C(SC%14=C%15)C=C(C(C)(C)C)C=C%13SC%16=CC(C(C)(C)C)=CC(SC%17=CC(C(C)(C)C)=CC(SC(C=C%15C(C)(C)C)=C%14O)=C%17O)=C%16O)=C%12)=C%10OCCCCCN%18C=C(CCOC%19=C(C=C(C=C%19SC%20=C%21)C(C)(C)C)SC%22=CC(C(C)(C)C)=CC(SC%23=C(O)C(SC(C=C%21C(C)(C)C)=C%20O)=CC(C(C)(C)C)=C%23)=C%22O)N=N%18)=C9OCCCCCN%24C=C(CCOC%25=C(SC(C=C%26C(C)(C)C)=C%27O)C=C(C(C)(C)C)C=C%25SC%28=C(O)C(SC%29=CC(C(C)(C)C)=CC(SC%27=C%26)=C%29O)=CC(C(C)(C)C)=C%28)N=N%24)=C1)(C)C,train
147,Group 11/146.log,Group 11,Group 11,146.log,CC(C1=CC2=C(OCCCCCN3N=NC(CCCOC4=C(C=C5C(C)(C)C)SC6=C(O)C(SC7=C(O)C(SC8=CC(C(C)(C)C)=CC(SC4=C5)=C8O)=CC(C(C)(C)C)=C7)=CC(C(C)(C)C)=C6)=C3)C(SC9=CC(C(C)(C)C)=CC(SC%10=CC(C(C)(C)C)=CC(SC%11=CC(C(C)(C)C)=CC(S2)=C%11OCCCCCN%12N=NC(CCCOC%13=C(SC%14=C%15)C=C(C(C)(C)C)C=C%13SC%16=CC(C(C)(C)C)=CC(SC%17=CC(C(C)(C)C)=CC(SC(C=C%15C(C)(C)C)=C%14O)=C%17O)=C%16O)=C%12)=C%10OCCCCCN%18C=C(CCCOC%19=C(C=C(C=C%19SC%20=C%21)C(C)(C)C)SC%22=CC(C(C)(C)C)=CC(SC%23=C(O)C(SC(C=C%21C(C)(C)C)=C%20O)=CC(C(C)(C)C)=C%23)=C%22O)N=N%18)=C9OCCCCCN%24C=C(CCCOC%25=C(SC(C=C%26C(C)(C)C)=C%27O)C=C(C(C)(C)C)C=C%25SC%28=C(O)C(SC%29=CC(C(C)(C)C)=CC(SC%27=C%26)=C%29O)=CC(C(C)(C)C)=C%28)N=N%24)=C1)(C)C,train
149,Group 12/148.log,Group 12,Group 12,148.log,OCC(N=N1)=CN1C2=CC(C3=NC=CC=C3)=NC(C4=CC=CC=N4)=C2,train
150,Group 12/149.log,Group 12,Group 12,149.log,CCCCCCC(N=N1)=CN1C2=CC(C3=NC=CC=C3)=NC(C4=CC=CC=N4)=C2,train
152,Group 12/151.log,Group 12,Group 12,151.log,OC1=C(SC2=C(C(SC3=C(O)C(SC4=CC(C(C)(C)C)=CC(SC1=C5)=C4OCCCC6=CN(C7=CC(C8=NC=CC=C8)=NC(C9=CC=CC=N9)=C7)N=N6)=CC(C(C)(C)C)=C3)=CC(C(C)(C)C)=C2)OCCCC%10=CN(C%11=CC(C%12=NC=CC=C%12)=NC(C%13=CC=CC=N%13)=C%11)N=N%10)C=C5C(C)(C)C,train
153,Group 12/152.log,Group 12,Group 12,152.log,OC1=C(SC2=C(C(SC3=C(O)C(SC4=CC(C(C)(C)C)=CC(SC1=C5)=C4OCCCCC6=CN(C7=CC(C8=NC=CC=C8)=NC(C9=CC=CC=N9)=C7)N=N6)=CC(C(C)(C)C)=C3)=CC(C(C)(C)C)=C2)OCCCCC%10=CN(C%11=CC(C%12=NC=CC=C%12)=NC(C%13=CC=CC=N%13)=C%11)N=N%10)C=C5C(C)(C)C,train
155,Group 12/154.log,Group 12,Group 12,154.log,CC(C1=CC2=C(OCCCCCCCCCCCC)C(SC3=CC(C(C)(C)C)=CC(SC4=CC(C(C)(C)C)=CC(SC5=CC(C(C)(C)C)=CC(S2)=C5OCCC6=CN(C7=CC(C8=NC=CC=C8)=NC(C9=CC=CC=N9)=C7)N=N6)=C4OCCCCCCCCCCCC)=C3OCCC%10=CN(C%11=CC(C%12=NC=CC=C%12)=NC(C%13=CC=CC=N%13)=C%11)N=N%10)=C1)(C)C,train
156,Group 12/155.log,Group 12,Group 12,155.log,CC(C1=CC2=C(OCCCCCCCCCCCC)C(SC3=CC(C(C)(C)C)=CC(SC4=CC(C(C)(C)C)=CC(SC5=CC(C(C)(C)C)=CC(S2)=C5OCCCC6=CN(C7=CC(C8=NC=CC=C8)=NC(C9=CC=CC=N9)=C7)N=N6)=C4OCCCCCCCCCCCC)=C3OCCCC%10=CN(C%11=CC(C%12=NC=CC=C%12)=NC(C%13=CC=CC=N%13)=C%11)N=N%10)=C1)(C)C,train
157,Group 12/156.log,Group 12,Group 12,156.log,CC(C1=CC2=C(OCCCCCCCCCCCC)C(SC3=CC(C(C)(C)C)=CC(SC4=CC(C(C)(C)C)=CC(SC5=CC(C(C)(C)C)=CC(S2)=C5OCCCCC6=CN(C7=CC(C8=NC=CC=C8)=NC(C9=CC=CC=N9)=C7)N=N6)=C4OCCCCCCCCCCCC)=C3OCCCCC%10=CN(C%11=CC(C%12=NC=CC=C%12)=NC(C%13=CC=CC=N%13)=C%11)N=N%10)=C1)(C)C,train
158,Group 12/157.log,Group 12,Group 12,157.log,CC(C1=CC2=C(OCCCCC3=CN(C4=CC(C5=NC=CC=C5)=NC(C6=CC=CC=N6)=C4)N=N3)C(SC7=CC(C(C)(C)C)=CC(SC8=CC(C(C)(C)C)=CC(SC9=CC(C(C)(C)C)=CC(S2)=C9OCCCCC%10=CN(C%11=CC(C%12=NC=CC=C%12)=NC(C%13=CC=CC=N%13)=C%11)N=N%10)=C8OCCCCC%14=CN(C%15=CC(C%16=NC=CC=C%16)=NC(C%17=CC=CC=N%17)=C%15)N=N%14)=C7OCCCCC%18=CN(C%19=CC(C%20=NC=CC=C%20)=NC(C%21=CC=CC=N%21)=C%19)N=N%18)=C1)(C)C,train
159,Group 13/158.log,Group 13,Group 13,158.log,CC(C1=CC2=C(OCCOCCO)C(SC3=CC(C(C)(C)C)=CC(SC4=CC(C(C)(C)C)=CC(SC5=CC(C(C)(C)C)=CC(S2)=C5OCCOCCO)=C4OCCOCCO)=C3OCCOCCO)=C1)(C)C,train
160,Group 13/159.log,Group 13,Group 13,159.log,CC(C1=CC2=C(OCCOCCO)C(SC3=CC(C(C)(C)C)=CC(SC4=CC(C(C)(C)C)=CC(SC5=CC(C(C)(C)C)=CC(S2)=C5OCCBr)=C4OCCOCCO)=C3OCCBr)=C1)(C)C,train
161,Group 13/160.log,Group 13,Group 13,160.log,OC1=C2C=C(C(C)(C)C)C=C1SC3=C(OCCOCCOC4=C(S2)C=C5C(C)(C)C)C(SC6=CC(C(C)(C)C)=CC(SC4=C5)=C6O)=CC(C(C)(C)C)=C3,train
162,Group 13/161.log,Group 13,Group 13,161.log,OC1=C2C=C(C(C)(C)C)C=C1SC3=C(OCCOCCOCCOC4=C(S2)C=C5C(C)(C)C)C(SC6=CC(C(C)(C)C)=CC(SC4=C5)=C6O)=CC(C(C)(C)C)=C3,train
164,Group 13/163.log,Group 13,Group 13,163.log,OC1=C2C=C(C(C)(C)C)C=C1SC3=C(OCCOCCOCCOCCOCCOC4=C(S2)C=C5C(C)(C)C)C(SC6=CC(C(C)(C)C)=CC(SC4=C5)=C6O)=CC(C(C)(C)C)=C3.C,train
165,Group 13/164.log,Group 13,Group 13,164.log,O=[N+](C1=CC(S2)=C3OCCOCCOCCOCCOC4=C5SC6=C(C2=CC([N+]([O-])=O)=C6)OCCOCCOCCOCCOC7=C(SC3=C1)C=C([N+]([O-])=O)C=C7SC4=CC([N+]([O-])=O)=C5)[O-],train
166,Group 13/165.log,Group 13,Group 13,165.log,CC(C1=CC2=C(OCCOCCOC3=C(SC4=CC(C(C)(C)C)=CC(S2)=C4OCCBr)C=C(C(C)(C)C)C=C3S5)C(SC6=CC(C(C)(C)C)=CC5=C6OCCBr)=C1)(C)C,train
167,Group 13/166.log,Group 13,Group 13,166.log,CC(C1=CC2=C(OCCOCCOC3=C(SC4=CC(C(C)(C)C)=CC(S2)=C4OCCCBr)C=C(C(C)(C)C)C=C3S5)C(SC6=CC(C(C)(C)C)=CC5=C6OCCCBr)=C1)(C)C,train
168,Group 13/167.log,Group 13,Group 13,167.log,CC(C1=CC2=C(OCCOCCOCCOC3=C(SC4=CC(C(C)(C)C)=CC(S2)=C4OCCBr)C=C(C(C)(C)C)C=C3S5)C(SC6=CC(C(C)(C)C)=CC5=C6OCCBr)=C1)(C)C,train
169,Group 13/168.log,Group 13,Group 13,168.log,CC(C1=CC2=C(OCCOCCOCCOC3=C(SC4=CC(C(C)(C)C)=CC(S2)=C4OCCCBr)C=C(C(C)(C)C)C=C3S5)C(SC6=CC(C(C)(C)C)=CC5=C6OCCCBr)=C1)(C)C,train
170,Group 13/169.log,Group 13,Group 13,169.log,CC(C1=CC2=C(OCCOCCOCCOCCOC3=C(SC4=CC(C(C)(C)C)=CC(S2)=C4OCCCBr)C=C(C(C)(C)C)C=C3S5)C(SC6=CC(C(C)(C)C)=CC5=C6OCCCBr)=C1)(C)C,train
171,Group 13/170.log,Group 13,Group 13,170.log,CC(C1=CC2=C(OCCOCCOCCOCCOCCOC3=C(SC4=CC(C(C)(C)C)=CC(S2)=C4OCCBr)C=C(C(C)(C)C)C=C3S5)C(SC6=CC(C(C)(C)C)=CC5=C6OCCBr)=C1)(C)C,train
173,Group 13/172.log,Group 13,Group 13,172.log,CC(C1=CC2=C(OCCOCCOCCOCCOCCOCCOC3=C(SC4=CC(C(C)(C)C)=CC(S2)=C4OCCBr)C=C(C(C)(C)C)C=C3S5)C(SC6=CC(C(C)(C)C)=CC5=C6OCCBr)=C1)(C)C,train
175,Group 13/175.log,Group 13,Group 13,175.log,CC(C1=CC2=C(OCCOCCOCCOC3=C(SC4=CC(C(C)(C)C)=CC(S2)=C4OCCCCCCCCCCCC)C=C(C(C)(C)C)C=C3S5)C(SC6=CC(C(C)(C)C)=CC5=C6OCCCCCCCCCCCC)=C1)(C)C,train
176,Group 13/176.log,Group 13,Group 13,176.log,CC(C1=CC2=C(OCCOCCOCCOCCOC3=C(SC4=CC(C(C)(C)C)=CC(S2)=C4OCCCCCCCCCCCC)C=C(C(C)(C)C)C=C3S5)C(SC6=CC(C(C)(C)C)=CC5=C6OCCCCCCCCCCCC)=C1)(C)C,train
177,Group 13/177.log,Group 13,Group 13,177.log,CC(C1=CC2=C(OCCOCCOCCOCCOCCOC3=C(SC4=CC(C(C)(C)C)=CC(S2)=C4OCCCCCCCCCCCC)C=C(C(C)(C)C)C=C3S5)C(SC6=CC(C(C)(C)C)=CC5=C6OCCCCCCCCCCCC)=C1)(C)C,train
178,Group 13/178.log,Group 13,Group 13,178.log,CC(C1=CC2=C(OCCOCCOCCOC3=C(SC4=CC(C(C)(C)C)=CC(S2)=C4OC)C=C(C(C)(C)C)C=C3S5)C(SC6=CC(C(C)(C)C)=CC5=C6OC)=C1)(C)C,train
179,Group 13/179.log,Group 13,Group 13,179.log,CC(C1=CC2=C(OCCOCCOCCOCCOC3=C(SC4=CC(C(C)(C)C)=CC(S2)=C4OC)C=C(C(C)(C)C)C=C3S5)C(SC6=CC(C(C)(C)C)=CC5=C6OC)=C1)(C)C,train
182,Group 14/182.log,Group 14,Group 14,182.log,CC(C)(C1=CC(CC2=C(C(CC(C=C(C=C3C4)C(C)(C)C)=C3OCC#CC(C5=CC=C(C)C=C5)=O)=CC(C(C)(C)C)=C2)OCC#CC(C6=CC=C(C)C=C6)=O)=C(OCC#CC(C7=CC=C(C)C=C7)=O)C(CC8=CC(C(C)(C)C)=CC4=C8OCC#CC(C9=CC=C(C)C=C9)=O)=C1)C,train
184,Group 14/184.log,Group 14,Group 14,184.log,CC(C)(C1=CC(CC2=C(C(CC(C=C(C=C3C4)C(C)(C)C)=C3OCC#CC(C5=CC=C(OC)C=C5)=O)=CC(C(C)(C)C)=C2)OCC#CC(C6=CC=C(OC)C=C6)=O)=C(OCC#CC(C7=CC=C(OC)C=C7)=O)C(CC8=CC(C(C)(C)C)=CC4=C8OCC#CC(C9=CC=C(OC)C=C9)=O)=C1)C,train
185,Group 14/185.log,Group 14,Group 14,185.log,CC(C1=CC2=C(OCC#CC(C3=CC=CC=C3)=O)C(CC4=CC(C(C)(C)C)=CC(CC5=CC(C(C)(C)C)=CC(CC6=CC(C(C)(C)C)=CC(C2)=C6OCC#CC(C7=CC=CC=C7)=O)=C5OCC#CC(C8=CC=CC=C8)=O)=C4OCC#CC(C9=CC=CC=C9)=O)=C1)(C)C,train
187,Group 14/187.log,Group 14,Group 14,187.log,CC(C)(C)C1=CC(CC2=C3)=C(OCC#CC(C4=CC=CC=C4)=O)C(CC5=CC(C(C)(C)C)=CC(CC6=CC(C(C)(C)C)=CC(CC(C=C3C(C)(C)C)=C2OCC#CC(C7=CC=CC=C7)=O)=C6OCC#CC(C8=CC=CC=C8)=O)=C5OCC#CC(C9=CC=CC=C9)=O)=C1,train
188,Group 14/188.log,Group 14,Group 14,188.log,CC(C)(C)C1=CC(CC2=C3)=C(OCC#CC(C4=CC=C(C)C=C4)=O)C(CC5=CC(C(C)(C)C)=CC(CC6=CC(C(C)(C)C)=CC(CC(C=C3C(C)(C)C)=C2OCC#CC(C7=CC=C(C)C=C7)=O)=C6OCC#CC(C8=CC=C(C)C=C8)=O)=C5OCC#CC(C9=CC=C(C)C=C9)=O)=C1,train
189,Group 14/189.log,Group 14,Group 14,189.log,CC(C)(C)C1=CC(CC2=C3)=C(OCC#CC(C4=CC=C(Cl)C=C4)=O)C(CC5=CC(C(C)(C)C)=CC(CC6=CC(C(C)(C)C)=CC(CC(C=C3C(C)(C)C)=C2OCC#CC(C7=CC=C(Cl)C=C7)=O)=C6OCC#CC(C8=CC=C(Cl)C=C8)=O)=C5OCC#CC(C9=CC=C(Cl)C=C9)=O)=C1,train
190,Group 14/190.log,Group 14,Group 14,190.log,CC(C)(C)C1=CC(CC2=C3)=C(OCC#CC(C4=CC=C(OC)C=C4)=O)C(CC5=CC(C(C)(C)C)=CC(CC6=CC(C(C)(C)C)=CC(CC(C=C3C(C)(C)C)=C2OCC#CC(C7=CC=C(OC)C=C7)=O)=C6OCC#CC(C8=CC=C(OC)C=C8)=O)=C5OCC#CC(C9=CC=C(OC)C=C9)=O)=C1,train
191,Group 14/191.log,Group 14,Group 14,191.log,CC(C1=CC2=C(OCC#CC(C3=CC=C(Cl)C=C3)=O)C(CC4=CC(C(C)(C)C)=CC(CC5=CC(C(C)(C)C)=CC(CC6=CC(C(C)(C)C)=CC(C2)=C6OCC#CC(C7=CC=C(Cl)C=C7)=O)=C5OCC#CC(C8=CC=C(Cl)C=C8)=O)=C4OCC#CC(C9=CC=C(Cl)C=C9)=O)=C1)(C)C,train
192,Group 14/192.log,Group 14,Group 14,192.log,CC(C1=CC2=C(OCC#CC(C3=CC=C(OC)C=C3)=O)C(CC4=CC(C(C)(C)C)=CC(CC5=CC(C(C)(C)C)=CC(CC6=CC(C(C)(C)C)=CC(C2)=C6OCC#CC(C7=CC=C(OC)C=C7)=O)=C5OCC#CC(C8=CC=C(OC)C=C8)=O)=C4OCC#CC(C9=CC=C(OC)C=C9)=O)=C1)(C)C,train
193,Group 14/193.log,Group 14,Group 14,193.log,CC(C1=CC2=C(OCC#CC(C3=CC=CC=C3)=O)C(SC4=CC(C(C)(C)C)=CC(SC5=CC(C(C)(C)C)=CC(SC6=CC(C(C)(C)C)=CC(S2)=C6OCC#CC(C7=CC=CC=C7)=O)=C5OCC#CC(C8=CC=CC=C8)=O)=C4OCC#CC(C9=CC=CC=C9)=O)=C1)(C)C,train
194,Group 14/194.log,Group 14,Group 14,194.log,CC(C1=CC2=C(OCCC#CC(C3=CC=CC=C3)=O)C(SC4=CC(C(C)(C)C)=CC(SC5=CC(C(C)(C)C)=CC6=C5OCCC#C(C(C7=CC=CC=C7)=O)C(C(C=C8S6)=CC(S2)=C8OCCC#CC(C9=CC=CC=C9)=O)(C)C)=C4OCCC#CC(C%10=CC=CC=C%10)=O)=C1)(C)C,train
195,Group 14/195.log,Group 14,Group 14,195.log,CC(C1=CC2=C(OCCCC#CC(C3=CC=CC=C3)=O)C(CC4=CC(C(C)(C)C)=CC(CC5=CC(C(C)(C)C)=CC(CC6=CC(C(C)(C)C)=CC(C2)=C6OCCCC#CC(C7=CC=CC=C7)=O)=C5OCCCC#CC(C8=CC=CC=C8)=O)=C4OCCCC#CC(C9=CC=CC=C9)=O)=C1)(C)C,train
196,Group 14/196.log,Group 14,Group 14,196.log,CC(C1=CC2=C(OCCCC#CC(C3=CC=CC=C3)=O)C(SC4=CC(C(C)(C)C)=CC(SC5=CC(C(C)(C)C)=CC(SC6=CC(C(C)(C)C)=CC(S2)=C6OCCCC#CC(C7=CC=CC=C7)=O)=C5OCCCC#CC(C8=CC=CC=C8)=O)=C4OCCCC#CC(C9=CC=CC=C9)=O)=C1)(C)C,train
197,Group 14/197.log,Group 14,Group 14,197.log,CC(C1=CC2=C(OCCCCC#CC(C3=CC=CC=C3)=O)C(SC4=CC(C(C)(C)C)=CC(SC5=CC(C(C)(C)C)=CC(SC6=CC(C(C)(C)C)=CC(S2)=C6OCCCCC#CC(C7=CC=CC=C7)=O)=C5OCCCCC#CC(C8=CC=CC=C8)=O)=C4OCCCCC#CC(C9=CC=CC=C9)=O)=C1)(C)C,train
198,Group 15/198.log,Group 15,Group 15,198.log,CC(C)(C)C1=CC(SC2=C3)=C(OCO)C(SC4=CC(C(C)(C)C)=CC(SC5=CC(C(C)(C)C)=CC(SC(C=C3C(C)(C)C)=C2OCC(O)=O)=C5OCC(O)=O)=C4OCC(O)=O)=C1.O=[C],train
200,Group 15/200.log,Group 15,Group 15,200.log,CC(C)(C1=CC(CC2=C(C(CC(C=C(C=C3C4)C(C)(C)C)=C3OCC(O)=O)=CC(C(C)(C)C)=C2)OCC(O)=O)=C(OCC(O)=O)C(CC5=CC(C(C)(C)C)=CC4=C5OCC(O)=O)=C1)C,train
201,Group 15/201.log,Group 15,Group 15,201.log,CC(C)(C)C1=CC(CC2=C3)=C(OCC(OCC)=O)C(CC4=CC(C(C)(C)C)=CC(CC5=CC(C(C)(C)C)=CC(CC(C=C3C(C)(C)C)=C2OCC(OCC)=O)=C5OCC(OCC)=O)=C4OCC(OCC)=O)=C1,train
203,Group 15/203.log,Group 15,Group 15,203.log,CC(C1=CC2=C(OCCCCCCCCCCCC)C(SC3=CC(C(C)(C)C)=CC(SC4=CC(C(C)(C)C)=CC(SC5=CC(C(C)(C)C)=CC(S2)=C5OCCCN6C(C(OC)=O)=C(C(OC)=O)N=N6)=C4OCCCCCCCCCCCC)=C3OCCCN7N=NC(C(OC)=O)=C7C(OC)=O)=C1)(C)C,train
204,Group 15/204.log,Group 15,Group 15,204.log,CC(C1=CC2=C(OCC(OCC)=O)C(CC3=CC(C(C)(C)C)=CC(CC4=CC(C(C)(C)C)=CC(CC5=CC(C(C)(C)C)=CC(C2)=C5OCC(OCC)=O)=C4OCC(OCC)=O)=C3OCC(OCC)=O)=C1)(C)C,train
205,Group 15/205.log,Group 15,Group 15,205.log,CC(C)(C1=CC(CC2=C(C(CC(C=C(C=C3C4)C(C)(C)C)=C3OCC(OCC)=O)=CC(C(C)(C)C)=C2)OCC(OCC)=O)=C(OCC(OCC)=O)C(CC5=CC(C(C)(C)C)=CC4=C5OCC(OCC)=O)=C1)C,train
206,Group 15/206.log,Group 15,Group 15,206.log,CC(C1=CC2=C(OCC(OCC)=O)C(SC3=CC(C(C)(C)C)=CC(SC4=CC(C(C)(C)C)=CC(SC5=CC(C(C)(C)C)=CC(S2)=C5OCC(OCC)=O)=C4OCC(OCC)=O)=C3OCC(OCC)=O)=C1)(C)C,train
207,Group 15/207.log,Group 15,Group 15,207.log,CC(C1=CC2=C(OCC(OC(C)(C)C)=O)C(SC3=CC(C(C)(C)C)=CC(SC4=CC(C(C)(C)C)=CC(SC5=CC(C(C)(C)C)=CC(S2)=C5OCC(OC(C)(C)C)=O)=C4OCC(OC(C)(C)C)=O)=C3OCC(OC(C)(C)C)=O)=C1)(C)C,train
208,Group 16/208.log,Group 16,Group 16,208.log,OC1=C(SC2=C(C(SC3=C(O)C(SC4=CC(C(C)(C)C)=CC(SC1=C5)=C4OCCN6C(C(C=CC=C7)=C7C6=O)=O)=CC(C(C)(C)C)=C3)=CC(C(C)(C)C)=C2)OCCN8C(C(C=CC=C9)=C9C8=O)=O)C=C5C(C)(C)C,train
210,Group 16/210.log,Group 16,Group 16,210.log,OC1=C(CC2=C(C(CC3=C(O)C(CC4=CC(C(C)(C)C)=CC(CC1=C5)=C4OCC(N6CCOCC6)=O)=CC(C(C)(C)C)=C3)=CC(C(C)(C)C)=C2)OCC(N7CCOCC7)=O)C=C5C(C)(C)C,train
212,Group 16/212.log,Group 16,Group 16,212.log,CC(C1=CC2=C(OCCOCCOCCOCCOCCOC3=C(SC4=CC(C(C)(C)C)=CC(S2)=C4OCCCN5C(C(C=CC=C6)=C6C5=O)=O)C=C(C(C)(C)C)C=C3S7)C(SC8=CC(C(C)(C)C)=CC7=C8OCCCN9C(C(C=CC=C%10)=C%10C9=O)=O)=C1)(C)C,train
213,Group 16/213.log,Group 16,Group 16,213.log,OC1=C(CC2=C(C(CC3=C(O)C(CC4=CC(C(C)(C)C)=CC(CC1=C5)=C4OCC(N6CCOCCOCCOCC6)=O)=CC(C(C)(C)C)=C3)=CC(C(C)(C)C)=C2)OCC(N7CCOCCOCCOCC7)=O)C=C5C(C)(C)C,train
214,Group 16/214.log,Group 16,Group 16,214.log,OC1=C(CC2=C(C(CC3=C(O)C(CC4=CC(C(C)(C)C)=CC(CC1=C5)=C4OCC(N6CCOCCOCCOCCOCC6)=O)=CC(C(C)(C)C)=C3)=CC(C(C)(C)C)=C2)OCC(N7CCOCCOCCOCCOCC7)=O)C=C5C(C)(C)C,train
215,Group 16/215.log,Group 16,Group 16,215.log,OC1=C(CC2=C(C(CC3=C(O)C(CC4=CC(C(C)(C)C)=CC(CC1=C5)=C4OCC(N6CCOCCOCCOCCOCCOCC6)=O)=CC(C(C)(C)C)=C3)=CC(C(C)(C)C)=C2)OCC(N7CCOCCOCCOCCOCCOCC7)=O)C=C5C(C)(C)C,train
216,Group 16/216.log,Group 16,Group 16,216.log,OC1=C(CC2=CC(C(C)(C)C)=CC(CC(C=C3C(C)(C)C)=C4OCC(N5CCOCCOCCOCC5)=O)=C2OCC(N6CCOCCOCCOCC6)=O)C=C(C(C)(C)C)C=C1CC7=CC(C(C)(C)C)=CC(CC4=C3)=C7OCC(N8CCOCCOCCOCC8)=O,train
217,Group 16/217.log,Group 16,Group 16,217.log,CC(C)(C)C1=CC(CC2=C3)=C(OCC(N4CCOCCOCCOCC4)=O)C(CC5=CC(C(C)(C)C)=CC(CC6=CC(C(C)(C)C)=CC(CC(C=C3C(C)(C)C)=C2OCC(N7CCOCCOCCOCC7)=O)=C6OCC(N8CCOCCOCCOCC8)=O)=C5OCC(N9CCOCCOCCOCC9)=O)=C1,train
218,Group 17/218.log,Group 17,Group 17,218.log,CC(C1=CC2=C(OCCCC3=CC(C4=CC=CC=C4)=NO3)C(SC5=CC(C(C)(C)C)=CC(SC6=CC(C(C)(C)C)=CC(SC7=CC(C(C)(C)C)=CC(S2)=C7OCCCC8=CC(C9=CC=CC=C9)=NO8)=C6OCCCC%10=CC(C%11=CC=CC=C%11)=NO%10)=C5OCCCC%12=CC(C%13=CC=CC=C%13)=NO%12)=C1)(C)C,train
220,Group 18/220.log,Group 18,Group 18,220.log,C12=C(C(SC(C=CC=C3S4)=C3OCCOCCOCCOC(C(SC5=CC=CC4=C5OCCCOC6=CC(C7=NC=CC=C7)=NC(C8=CC=CC=N8)=C6)=CC=C9)=C9S2)=CC=C1)OCCCOC%10=CC(C%11=NC=CC=C%11)=NC(C%12=CC=CC=N%12)=C%10,train
221,Group 18/221.log,Group 18,Group 18,221.log,CC(C1=CC2=C(OCCOCCOCCOC3=C(SC4=CC(C(C)(C)C)=CC(S2)=C4OCCCOC5=CC(C6=NC=CC=C6)=NC(C7=CC=CC=N7)=C5)C=C(C(C)(C)C)C=C3S8)C(SC9=CC(C(C)(C)C)=CC8=C9OCCCOC%10=CC(C%11=NC=CC=C%11)=NC(C%12=CC=CC=N%12)=C%10)=C1)(C)C,train
223,Group 18/223.log,Group 18,Group 18,223.log,CC(C1=CC2=C(OCCOCCOCCOCCOCCOC3=C(SC4=CC(C(C)(C)C)=CC(S2)=C4OCCCOC5=CC(C6=NC=CC=C6)=NC(C7=CC=CC=N7)=C5)C=C(C(C)(C)C)C=C3S8)C(SC9=CC(C(C)(C)C)=CC8=C9OCCCOC%10=CC(C%11=NC=CC=C%11)=NC(C%12=CC=CC=N%12)=C%10)=C1)(C)C,train
224,Group 19/224.log,Group 19,Group 19,224.log,OC1=C(SC2=C(C(SC3=C(O)C(SC4=CC(C(C)(C)C)=CC(SC1=C5)=C4OCCSCCCCCCCC)=CC(C(C)(C)C)=C3)=CC(C(C)(C)C)=C2)OCCSCCCCCCCC)C=C5C(C)(C)C,train
225,Group 19/225.log,Group 19,Group 19,225.log,OC1=C(SC2=C(C(SC3=C(O)C(SC4=CC(C(C)(C)C)=CC(SC1=C5)=C4OCCSC)=CC(C(C)(C)C)=C3)=CC(C(C)(C)C)=C2)OCCSC)C=C5C(C)(C)C,train
226,Group 19/226.log,Group 19,Group 19,226.log,OC1=C(SC2=C(C(SC3=C(O)C(SC4=CC(C(C)(C)C)=CC(SC1=C5)=C4OCCSCC6=CC=CC=C6)=CC(C(C)(C)C)=C3)=CC(C(C)(C)C)=C2)OCCSCC7=CC=CC=C7)C=C5C(C)(C)C,train
228,Group 19/228.log,Group 19,Group 19,228.log,OC1=C(CC2=C(C(CC3=C(O)C(C4)=CC=C3)=CC=C2)OCCCS)C=CC=C1CC5=C(OCCCS)C4=CC=C5,train
229,Group 19/229.log,Group 19,Group 19,229.log,OC1=C(SC2=C(C(SC3=C(O)C(SC4=CC(C(C)(C)C)=CC(SC1=C5)=C4OCCCSCCSCCS)=CC(C(C)(C)C)=C3)=CC(C(C)(C)C)=C2)O)C=C5C(C)(C)C,train
230,Group 19/230.log,Group 19,Group 19,230.log,CC(C1=CC2=C(OCCCS)C(SC3=CC(C(C)(C)C)=CC(SC4=CC(C(C)(C)C)=CC(SC5=CC(C(C)(C)C)=CC(S2)=C5OCCCS)=C4OCCCS)=C3OCCCS)=C1)(C)C,train
231,Group 19/231.log,Group 19,Group 19,231.log,CC(C1=CC2=C(OCCCSCC(OC)=O)C(SC3=CC(C(C)(C)C)=CC(SC4=CC(C(C)(C)C)=CC(SC5=CC(C(C)(C)C)=CC(S2)=C5OCCCSCC(OC)=O)=C4OCCCSCC(OC)=O)=C3OCCCSCC(OC)=O)=C1)(C)C,train
232,Group 19/232.log,Group 19,Group 19,232.log,CC(C1=CC2=C(OCCCCSCC(OC)=O)C(SC3=CC(C(C)(C)C)=CC(SC4=CC(C(C)(C)C)=CC(SC5=CC(C(C)(C)C)=CC(S2)=C5OCCCCSCC(OC)=O)=C4OCCCCSCC(OC)=O)=C3OCCCCSCC(OC)=O)=C1)(C)C,train
233,Group 19/233.log,Group 19,Group 19,233.log,CC(C1=CC2=C(OCCCCCSCC(OC)=O)C(SC3=CC(C(C)(C)C)=CC(SC4=CC(C(C)(C)C)=CC(SC5=CC(C(C)(C)C)=CC(S2)=C5OCCCCCSCC(OC)=O)=C4OCCCCCSCC(OC)=O)=C3OCCCCCSCC(OC)=O)=C1)(C)C,train
235,Group 19/235.log,Group 19,Group 19,235.log,OC1=C(SC2=C(C(SC3=C(O)C(SC4=CC(C(C)(C)C)=CC(SC1=C5)=C4OCCSC(C)=O)=CC(C(C)(C)C)=C3)=CC(C(C)(C)C)=C2)OCCSC(C)=O)C=C5C(C)(C)C,train
236,Group 19/236.log,Group 19,Group 19,236.log,OC1=C(SC2=C(C(SC3=C(O)C(SC4=CC(C(C)(C)C)=CC(SC1=C5)=C4OCCCSC(C)=O)=CC(C(C)(C)C)=C3)=CC(C(C)(C)C)=C2)OCCCSC(C)=O)C=C5C(C)(C)C,train
237,Group 19/237.log,Group 19,Group 19,237.log,CC(C1=CC2=C(OCCSCCCCCCCC)C(SC3=CC(C(C)(C)C)=CC(SC4=CC(C(C)(C)C)=CC(SC5=CC(C(C)(C)C)=CC(S2)=C5OCCC#C)=C4OCCSCCCCCCCC)=C3OCCC#C)=C1)(C)C,train
238,Group 19/238.log,Group 19,Group 19,238.log,CC(C1=CC2=C(OCCSCCCCCCCC)C(SC3=CC(C(C)(C)C)=CC(SC4=CC(C(C)(C)C)=CC(SC5=CC(C(C)(C)C)=CC(S2)=C5OCCCC#C)=C4OCCSCCCCCCCC)=C3OCCCC#C)=C1)(C)C,train
240,Group 19/240.log,Group 19,Group 19,240.log,CC(C1=CC2=C(OCCSCCCCCCCC)C(SC3=CC(C(C)(C)C)=CC(SC4=CC(C(C)(C)C)=CC(SC5=CC(C(C)(C)C)=CC(S2)=C5OCCCBr)=C4OCCSCCCCCCCC)=C3OCCCBr)=C1)(C)C,train
241,Group 19/241.log,Group 19,Group 19,241.log,CC(C1=CC2=C(OCCSCCCCCCCC)C(SC3=CC(C(C)(C)C)=CC(SC4=CC(C(C)(C)C)=CC(SC5=CC(C(C)(C)C)=CC(S2)=C5OCCCN=[N+]=[N-])=C4OCCSCCCCCCCC)=C3OCCCN=[N+]=[N-])=C1)(C)C,train
243,Group 19/243.log,Group 19,Group 19,243.log,OC1=C(SC2=C(C(SC3=C(O)C(SC4=CC(C(C)(C)C)=CC(SC1=C5)=C4OCCCBr)=CC(C(C)(C)C)=C3)=CC(C(C)(C)C)=C2)OCCCSC(C)=O)C=C5C(C)(C)C,train
244,Group 20/244.log,Group 20,Group 20,244.log,BrCCCOC1=C2C=CC=C1SC3=CC=CC4=C3OCCSCCSCCOC5=C(SC6=CC=CC(S4)=C6OCCCBr)C=CC=C5S2,train
245,Group 20/245.log,Group 20,Group 20,245.log,CC(C1=CC2=C(OCCSCCSCCOC3=C(SC4=CC(C(C)(C)C)=CC(S2)=C4OCCCBr)C=C(C(C)(C)C)C=C3S5)C(SC6=CC(C(C)(C)C)=CC5=C6OCCCBr)=C1)(C)C,train
246,Group 20/246.log,Group 20,Group 20,246.log,CC(C1=CC2=C(OCCSCCSCCOC3=C(SC4=CC(C(C)(C)C)=CC(S2)=C4OCCCCCCCCCCCC)C=C(C(C)(C)C)C=C3S5)C(SC6=CC(C(C)(C)C)=CC5=C6OCCCCCCCCCCCC)=C1)(C)C,train
248,Group 20/248.log,Group 20,Group 20,248.log,CC(C1=CC2=C(OCCCSCCSCCSCCCOC3=C(SC4=CC(C(C)(C)C)=CC(S2)=C4OCCCCCCCCCCCC)C=C(C(C)(C)C)C=C3S5)C(SC6=CC(C(C)(C)C)=CC5=C6OCCCCCCCCCCCC)=C1)(C)C,train
249,Group 21/249.log,Group 21,Group 21,249.log,CC(C1=CC2=C(OCCSCCCCCCCC)C(SC3=CC(C(C)(C)C)=CC(SC4=CC(C(C)(C)C)=CC(SC5=CC(C(C)(C)C)=CC(S2)=C5OCCC6=CN(C7=CC(C8=NC=CC=C8)=NC(C9=CC=CC=N9)=C7)N=N6)=C4OCCSCCCCCCCC)=C3OCCC%10=CN(C%11=CC(C%12=NC=CC=C%12)=NC(C%13=CC=CC=N%13)=C%11)N=N%10)=C1)(C)C,train
251,Group 21/251.log,Group 21,Group 21,251.log,CC(C1=CC2=C(OCCSCCCCCCCC)C(SC3=CC(C(C)(C)C)=CC(SC4=CC(C(C)(C)C)=CC(SC5=CC(C(C)(C)C)=CC(S2)=C5OCCCCC6=CN(C7=CC(C8=NC=CC=C8)=NC(C9=CC=CC=N9)=C7)N=N6)=C4OCCSCCCCCCCC)=C3OCCCCC%10=CN(C%11=CC(C%12=NC=CC=C%12)=NC(C%13=CC=CC=N%13)=C%11)N=N%10)=C1)(C)C,train
252,Group 21/252.log,Group 21,Group 21,252.log,CC(C1=CC2=C(OCCSCCCCCCCC)C(SC3=CC(C(C)(C)C)=CC(SC4=CC(C(C)(C)C)=CC(SC5=CC(C(C)(C)C)=CC(S2)=C5OCCCOC6=CC(C7=NC=CC=C7)=NC(C8=CC=CC=N8)=C6)=C4OCCSCCCCCCCC)=C3OCCCOC9=CC(C%10=NC=CC=C%10)=NC(C%11=CC=CC=N%11)=C9)=C1)(C)C,train
253,Group 21/253.log,Group 21,Group 21,253.log,CC(C1=CC2=C(OCCSCCSCCOC3=C(SC4=CC(C(C)(C)C)=CC(S2)=C4OCCCOC5=CC(C6=NC=CC=C6)=NC(C7=CC=CC=N7)=C5)C=C(C(C)(C)C)C=C3S8)C(SC9=CC(C(C)(C)C)=CC8=C9OCCCOC%10=CC(C%11=NC=CC=C%11)=NC(C%12=CC=CC=N%12)=C%10)=C1)(C)C,train
254,Group 21/254.log,Group 21,Group 21,254.log,C12=C(C(SC(C=CC=C3S4)=C3OCCSCCSCCOC(C(SC5=CC=CC4=C5OCCCOC6=CC(C7=NC=CC=C7)=NC(C8=CC=CC=N8)=C6)=CC=C9)=C9S2)=CC=C1)OCCCOC%10=CC(C%11=NC=CC=C%11)=NC(C%12=CC=CC=N%12)=C%10,train
256,Group 22/256.log,Group 22,Group 22,256.log,CC(C1=CC2=C(OCCOCCOCCOC3=C(SC4=CC(C(C)(C)C)=CC(S2)=C4OCCCSC(C)=O)C=C(C(C)(C)C)C=C3S5)C(SC6=CC(C(C)(C)C)=CC5=C6OCCCSC(C)=O)=C1)(C)C,train
257,Group 22/257.log,Group 22,Group 22,257.log,CC(C1=CC2=C(OCCOCCOCCOC3=C(SC4=CC(C(C)(C)C)=CC(S2)=C4OCCSC)C=C(C(C)(C)C)C=C3S5)C(SC6=CC(C(C)(C)C)=CC5=C6OCCSC)=C1)(C)C,train
258,Group 22/258.log,Group 22,Group 22,258.log,CC(C1=CC2=C(OCCOCCOCCOC3=C(SC4=CC(C(C)(C)C)=CC(S2)=C4OCCSCC5=CC=CC=C5)C=C(C(C)(C)C)C=C3S6)C(SC7=CC(C(C)(C)C)=CC6=C7OCCSCC8=CC=CC=C8)=C1)(C)C,train
259,Group 22/259.log,Group 22,Group 22,259.log,CC(C1=CC2=C(OCCOCCOCCOC3=C(SC4=CC(C(C)(C)C)=CC(S2)=C4OCCCSCC)C=C(C(C)(C)C)C=C3S5)C(SC6=CC(C(C)(C)C)=CC5=C6OCCCSCC)=C1)(C)C,train
260,Group 22/260.log,Group 22,Group 22,260.log,CC(C1=CC2=C(OCCOCCOCCOCCOC3=C(SC4=CC(C(C)(C)C)=CC(S2)=C4OCCSCC5=CC=CC=C5)C=C(C(C)(C)C)C=C3S6)C(SC7=CC(C(C)(C)C)=CC6=C7OCCSCC8=CC=CC=C8)=C1)(C)C,train
262,Group 22/262.log,Group 22,Group 22,262.log,CC(C1=CC2=C(OCCOCCOC3=C(SC4=CC(C(C)(C)C)=CC(S2)=C4OCCCSC(C)=O)C=C(C(C)(C)C)C=C3S5)C(SC6=CC(C(C)(C)C)=CC5=C6OCCCSC(C)=O)=C1)(C)C,train
0,Group 1/1.log,Group 1,Group 1,1.log,OC1=C(CC2=C(C(CC3=C(O)C(CC4=CC(C(C)(C)C)=CC(CC1=C5)=C4O)=CC(C(C)(C)C)=C3)=CC(C(C)(C)C)=C2)O)C=C5C(C)(C)C,test
5,Group 1/6.log,Group 1,Group 1,6.log,OC1=C(SC2=C(C(SC3=C(O)C(SC4=CC([N+]([O-])=O)=CC(SC1=C5)=C4O)=CC([N+]([O-])=O)=C3)=CC([N+]([O-])=O)=C2)O)C=C5[N+]([O-])=O,test
14,Group 2/15.log,Group 2,Group 2,15.log,OC1=C(SC2=C(C(SC3=C(O)C(S4)=CC=C3)=CC=C2)OS(C(F)(F)F)(=O)=O)C=CC=C1SC5=C(OS(=O)(C(F)(F)F)=O)C4=CC=C5,test
16,Group 3/17.log,Group 3,Group 3,17.log,CC(C1=CC2=C(OCCC)C(SC3=CC(C(C)(C)C)=CC(SC4=CC(C(C)(C)C)=CC(SC5=CC(C(C)(C)C)=CC(S2)=C5OCCC)=C4OCCC)=C3OCCC)=C1)(C)C,test
24,Group 3/25.log,Group 3,Group 3,25.log,OC(C(SC1=CC([N+]([O-])=O)=CC(SC2=CC([N+]([O-])=O)=CC(S3)=C2O)=C1OCCCCCCCC)=CC([N+]([O-])=O)=C4)=C4SC5=C(C3=CC([N+]([O-])=O)=C5)OCCCCCCCC,test
30,Group 4/31.log,Group 4,Group 4,31.log,OC1=C(SC2=C(C(S3)=CC(C(C)(C)C)=C2)OCCC#CC#CCCOC4=C(SC1=C5)C=C(C(C)(C)C)C=C4SC6=CC(C(C)(C)C)=CC3=C6O)C=C5C(C)(C)C,test
33,Group 4/34.log,Group 4,Group 4,34.log,OC1=C(SC2=C(C(SC3=C(O)C(SC4=CC(C(C)(C)C)=CC(SC1=C5)=C4OCC=C)=CC(C(C)(C)C)=C3)=CC(C(C)(C)C)=C2)OCC=C)C=C5C(C)(C)C,test
42,Group 4/39_iso.log,Group 4,Group 4,39_iso.log,OC(C(SC1=CC(C(C)(C)C)=CC(SC2=CC(C(C)(C)C)=CC(S3)=C2O)=C1OCC#C)=CC(C(C)(C)C)=C4)=C4SC5=C(C3=CC(C(C)(C)C)=C5)OCC#C,test
45,Group 4/42.log,Group 4,Group 4,42.log,CC(C1=CC2=C(OCCCC#C)C(CC3=CC(C(C)(C)C)=CC(CC4=CC(C(C)(C)C)=CC(CC5=CC(C(C)(C)C)=CC(C2)=C5OCCCC#C)=C4OCCCC#C)=C3OCCCC#C)=C1)(C)C,test
49,Group 4/46.log,Group 4,Group 4,46.log,CC(C1=CC2=C(OCCCCC#C)C(SC3=CC(C(C)(C)C)=CC(SC4=CC(C(C)(C)C)=CC(SC5=CC(C(C)(C)C)=CC(S2)=C5OCCCCC#C)=C4OCCCCC#C)=C3OCCCCC#C)=C1)(C)C,test
55,Group 4/52.log,Group 4,Group 4,52.log,OC1=C(SC2=C(C(SC3=C(O)C(SC4=CC(C(C)(C)C)=CC(SC1=C5)=C4OCCCC#C)=CC(C(C)(C)C)=C3)=CC(C(C)(C)C)=C2)O)C=C5C(C)(C)C,test
59,Group 5/56.log,Group 5,Group 5,56.log,CC(C1=CC2=C(OCCCC#C)C(SC3=CC(C(C)(C)C)=CC(SC4=CC(C(C)(C)C)=CC(SC5=CC(C(C)(C)C)=CC(S2)=C5OCCCCCCCCCCCC)=C4OCCCC#C)=C3OCCCCCCCCCCCC)=C1)(C)C,test
62,Group 6/59.log,Group 6,Group 6,59.log,OC1=C(CC2=C(C(CC3=C(O)C(CC4=CC(C(C)(C)C)=CC(CC1=C5)=C4OCCCBr)=CC(C(C)(C)C)=C3)=CC(C(C)(C)C)=C2)OCCCBr)C=C5C(C)(C)C,test
64,Group 6/61.log,Group 6,Group 6,61.log,OC1=C(SC2=C(C(SC3=C(O)C(SC4=CC([N+]([O-])=O)=CC(SC1=C5)=C4OCCCBr)=CC([N+]([O-])=O)=C3)=CC([N+]([O-])=O)=C2)OCCCBr)C=C5[N+]([O-])=O,test
72,Group 7/69.log,Group 7,Group 7,69.log,OC1=C(SC2=C(C(SC3=C(O)C(SC4=CC(/N=N/C5=CC=C([N+]([O-])=O)C=C5)=CC(SC1=C6)=C4O)=CC(/N=N/C7=CC=C([N+]([O-])=O)C=C7)=C3)=CC(/N=N/C8=CC=C([N+]([O-])=O)C=C8)=C2)O)C=C6/N=N/C9=CC=C([N+]([O-])=O)C=C9,test
76,Group 7/73.log,Group 7,Group 7,73.log,OCCCOC(C=C1)=CC=C1/N=N/C2=CC=C([N+]([O-])=O)C=C2,test
89,Group 8/86.log,Group 8,Group 8,86.log,CC(C1=CC2=C(OCCCCN=[N+]=[N-])C(SC3=CC(C(C)(C)C)=CC(SC4=CC(C(C)(C)C)=CC(SC5=CC(C(C)(C)C)=CC(S2)=C5OCCCCN=[N+]=[N-])=C4OCCCCN=[N+]=[N-])=C3OCCCCN=[N+]=[N-])=C1)(C)C,test
91,Group 8/88.log,Group 8,Group 8,88.log,OC1=C(SC2=C(C(SC3=C(O)C(SC4=CC(C(C)(C)C)=CC(SC1=C5)=C4OCCN=[N+]=[N-])=CC(C(C)(C)C)=C3)=CC(C(C)(C)C)=C2)OCCN=[N+]=[N-])C=C5C(C)(C)C,test
92,Group 8/89.log,Group 8,Group 8,89.log,OC1=C(SC2=C(C(SC3=C(O)C(SC4=CC(C(C)(C)C)=CC(SC1=C5)=C4OCCN=[N+]=[N-])=CC(C(C)(C)C)=C3)=CC(C(C)(C)C)=C2)O)C=C5C(C)(C)C,test
101,Group 9/98.log,Group 9,Group 9,98.log,CC(C)(C)C1=CC(CC2=C3)=C(OCC4=CC(C5=CC=CC=C5)=NN4)C(CC6=CC(C(C)(C)C)=CC(CC7=CC(C(C)(C)C)=CC(CC(C=C3C(C)(C)C)=C2OCC8=CC(C9=CC=CC=C9)=NN8)=C7OCC%10=CC(C%11=CC=CC=C%11)=NN%10)=C6OCC%12=CC(C%13=CC=CC=C%13)=NN%12)=C1,test
106,Group 9/103.log,Group 9,Group 9,103.log,C1(C2)=C(C(CC(C=CC=C3CC4=C(OCC5=CC(C6=CC=CC=C6)=NN5)C(CC7=CC=CC2=C7OCC8=CC(C9=CC=CC=C9)=NN8)=CC=C4)=C3OCC%10=CC(C%11=CC=CC=C%11)=NN%10)=CC=C1)OCC%12=CC(C%13=CC=CC=C%13)=NN%12,test
108,Group 9/105.log,Group 9,Group 9,105.log,CC(C1=CC2=C(OCC3=CC(C4=CC=CC=C4)=NN3)C(SC5=CC(C(C)(C)C)=CC(SC6=CC(C(C)(C)C)=CC(SC7=CC(C(C)(C)C)=CC(S2)=C7OCC8=CC(C9=CC=CC=C9)=NN8)=C6OCC%10=CC(C%11=CC=CC=C%11)=NN%10)=C5OCC%12=CC(C%13=CC=CC=C%13)=NN%12)=C1)(C)C,test
110,Group 9/107.log,Group 9,Group 9,107.log,CC(C1=CC2=C(OCCCCC3=CC(C4=CC=CC=C4)=NN3)C(SC5=CC(C(C)(C)C)=CC(SC6=CC(C(C)(C)C)=CC(SC7=CC(C(C)(C)C)=CC(S2)=C7OCCCCC8=CC(C9=CC=CC=C9)=NN8)=C6OCCCCC%10=CC(C%11=CC=CC=C%11)=NN%10)=C5OCCCCC%12=CC(C%13=CC=CC=C%13)=NN%12)=C1)(C)C,test
114,Group 10/111.log,Group 10,Group 10,111.log,C#CC1=CC(C2=NC=CC=C2)=NC(C3=CC=CC=N3)=C1,test
120,Group 10/117.log,Group 10,Group 10,117.log,CC(C1=CC2=C(OCCCCCOC3=CC(C4=NC=CC=C4)=NC(C5=CC=CC=N5)=C3)C(SC6=CC(C(C)(C)C)=CC(SC7=CC(C(C)(C)C)=CC(SC8=CC(C(C)(C)C)=CC(S2)=C8OCCCCCOC9=CC(C%10=NC=CC=C%10)=NC(C%11=CC=CC=N%11)=C9)=C7OCCCCCOC%12=CC(C%13=NC=CC=C%13)=NC(C%14=CC=CC=N%14)=C%12)=C6OCCCCCOC%15=CC(C%16=NC=CC=C%16)=NC(C%17=CC=CC=N%17)=C%15)=C1)(C)C,test
122,Group 10/119.log,Group 10,Group 10,119.log,CCCCCCCCOC1=CC(C2=NC=CC=C2)=NC(C3=CC=CC=N3)=C1,test
132,Group 11/130.log,Group 11,Group 11,130.log,CC(C1=CC2=C(OCCCCC3=CN(CCOC(C(SC(C=C4C(C)(C)C)=C5O)=C6)=C(C=C6C(C)(C)C)SC7=C(O)C(SC(C=C(C=C8SC5=C4)C(C)(C)C)=C8O)=CC(C(C)(C)C)=C7)N=N3)C(SC9=CC(C(C)(C)C)=CC(SC%10=CC(C(C)(C)C)=CC(SC%11=CC(C(C)(C)C)=CC(S2)=C%11OCCCCC%12=CN(CCOC%13=C(SC%14=C%15)C=C(C(C)(C)C)C=C%13SC%16=CC(C(C)(C)C)=CC(SC%17=CC(C(C)(C)C)=CC(SC(C=C%15C(C)(C)C)=C%14O)=C%17O)=C%16O)N=N%12)=C%10OCCCCC%18=CN(CCOC%19=C(C=C(C=C%19SC%20=C%21)C(C)(C)C)SC%22=CC(C(C)(C)C)=CC(SC%23=C(O)C(SC(C=C%21C(C)(C)C)=C%20O)=CC(C(C)(C)C)=C%23)=C%22O)N=N%18)=C9OCCCCC%24=CN(CCOC%25=C(SC(C=C%26C(C)(C)C)=C%27O)C=C(C(C)(C)C)C=C%25SC%28=C(O)C(SC%29=CC(C(C)(C)C)=CC(SC%27=C%26)=C%29O)=CC(C(C)(C)C)=C%28)N=N%24)=C1)(C)C,test
135,Group 11/133.log,Group 11,Group 11,133.log,CC(C1=CC(SC2=C(O)C(SC(C=C(C=C3SC4=C5)C(C)(C)C)=C3O)=CC(C(C)(C)C)=C2)=C(OCCC6=CN(N=N6)CCOC(C(SC7=CC(C(C)(C)C)=CC(SC8=CC(C(C)(C)C)=CC(S9)=C8OCCN%10C=C(CCOC%11=C(C=C(C=C%11SC%12=C%13)C(C)(C)C)SC%14=CC(C(C)(C)C)=CC(SC%15=C(O)C(SC(C=C%13C(C)(C)C)=C%12O)=CC(C(C)(C)C)=C%15)=C%14O)N=N%10)=C7OCCN%16C=C(CCOC%17=C(SC(C=C%18C(C)(C)C)=C%19O)C=C(C(C)(C)C)C=C%17SC%20=C(O)C(SC%21=CC(C(C)(C)C)=CC(SC%19=C%18)=C%21O)=CC(C(C)(C)C)=C%20)N=N%16)=CC(C(C)(C)C)=C%22)=C%22SC%23=C(C9=CC(C(C)(C)C)=C%23)OCCN%24N=NC(CCOC%25=C(SC%26=C%27)C=C(C(C)(C)C)C=C%25SC%28=CC(C(C)(C)C)=CC(SC%29=CC(C(C)(C)C)=CC(SC(C=C%27C(C)(C)C)=C%26O)=C%29O)=C%28O)=C%24)C(SC(C=C5C(C)(C)C)=C4O)=C1)(C)C,test
140,Group 11/139.log,Group 11,Group 11,139.log,CC(C1=CC2=C(OCCCN3C=C(CCCCOC4=C(C=C5C(C)(C)C)SC6=C(O)C(SC7=C(O)C(SC8=CC(C(C)(C)C)=CC(SC4=C5)=C8O)=CC(C(C)(C)C)=C7)=CC(C(C)(C)C)=C6)N=N3)C(SC9=CC(C(C)(C)C)=CC(SC%10=CC(C(C)(C)C)=CC(SC%11=CC(C(C)(C)C)=CC(S2)=C%11OCCCN%12C=C(CCCCOC%13=C(SC%14=C%15)C=C(C(C)(C)C)C=C%13SC%16=CC(C(C)(C)C)=CC(SC%17=CC(C(C)(C)C)=CC(SC(C=C%15C(C)(C)C)=C%14O)=C%17O)=C%16O)N=N%12)=C%10OCCCN%18N=NC(CCCCOC%19=C(C=C(C=C%19SC%20=C%21)C(C)(C)C)SC%22=CC(C(C)(C)C)=CC(SC%23=C(O)C(SC(C=C%21C(C)(C)C)=C%20O)=CC(C(C)(C)C)=C%23)=C%22O)=C%18)=C9OCCCN%24N=NC(CCCCOC%25=C(S)C=C(C(C)(C)C)C=C%25SC%26=C(O)C(SC%27=CC(C(C)(C)C)=CC(SC%28=CC(C(C)(C)C)=CC=C%28O)=C%27O)=CC(C(C)(C)C)=C%26)=C%24)=C1)(C)C,test
148,Group 11/147.log,Group 11,Group 11,147.log,OC1=C(SC2=C3)C=C(C(C)(C)C)C=C1SC4=CC(C(C)(C)C)=CC(SC5=CC(C(C)(C)C)=CC(SC(C=C3C(C)(C)C)=C2O)=C5OCCCCC(N=N6)=CN6CCCCCOC7=C(SC8=CC(C(C)(C)C)=CC(SC9=CC(C(C)(C)C)=CC(S%10)=C9OCCCCCN%11N=NC(CCCCOC%12=C(SC%13=C%14)C=C(C(C)(C)C)C=C%12SC%15=CC(C(C)(C)C)=CC(SC%16=CC(C(C)(C)C)=CC(SC(C=C%14C(C)(C)C)=C%13O)=C%16O)=C%15O)=C%11)=C8OCCCCCN%17C=C(CCCCOC%18=C(C=C(C=C%18SC%19=C%20)C(C)(C)C)SC%21=CC(C(C)(C)C)=CC(SC%22=C(O)C(SC(C=C%20C(C)(C)C)=C%19O)=CC(C(C)(C)C)=C%22)=C%21O)N=N%17)C=C(C(C)(C)C)C=C7SC%23=CC(C(C)(C)C)=CC%10=C%23OCCCCCN%24N=NC(CCCCOC%25=C(C=C%26C(C)(C)C)SC%27=C(O)C(SC%28=C(O)C(SC%29=CC(C(C)(C)C)=CC(SC%25=C%26)=C%29O)=CC(C(C)(C)C)=C%28)=CC(C(C)(C)C)=C%27)=C%24)=C4O,test
151,Group 12/150.log,Group 12,Group 12,150.log,OC1=C(SC2=C(C(SC3=C(O)C(SC4=CC(C(C)(C)C)=CC(SC1=C5)=C4OCCC6=CN(C7=CC(C8=NC=CC=C8)=NC(C9=CC=CC=N9)=C7)N=N6)=CC(C(C)(C)C)=C3)=CC(C(C)(C)C)=C2)OCCC%10=CN(C%11=CC(C%12=NC=CC=C%12)=NC(C%13=CC=CC=N%13)=C%11)N=N%10)C=C5C(C)(C)C,test
154,Group 12/153.log,Group 12,Group 12,153.log,CC(C1=CC2=C(OCCC3=CN(C4=CC(C5=NC=CC=C5)=NC(C6=CC=CC=N6)=C4)N=N3)C(SC7=CC(C(C)(C)C)=CC(SC8=CC(C(C)(C)C)=CC(SC9=CC(C(C)(C)C)=CC(S2)=C9OCCC%10=CN(C%11=CC(C%12=NC=CC=C%12)=NC(C%13=CC=CC=N%13)=C%11)N=N%10)=C8OCCC%14=CN(C%15=CC(C%16=NC=CC=C%16)=NC(C%17=CC=CC=N%17)=C%15)N=N%14)=C7OCCC%18=CN(C%19=CC(C%20=NC=CC=C%20)=NC(C%21=CC=CC=N%21)=C%19)N=N%18)=C1)(C)C,test
163,Group 13/162.log,Group 13,Group 13,162.log,OC1=C2C=C(C(C)(C)C)C=C1SC3=C(OCCOCCOCCOCCOC4=C(S2)C=C5C(C)(C)C)C(SC6=CC(C(C)(C)C)=CC(SC4=C5)=C6O)=CC(C(C)(C)C)=C3.C,test
172,Group 13/171.log,Group 13,Group 13,171.log,CC(C1=CC2=C(OCCOCCOCCOCCOCCOC3=C(SC4=CC(C(C)(C)C)=CC(S2)=C4OCCCBr)C=C(C(C)(C)C)C=C3S5)C(SC6=CC(C(C)(C)C)=CC5=C6OCCCBr)=C1)(C)C,test
174,Group 13/173.log,Group 13,Group 13,173.log,CC(C1=CC2=C(OCCOCCOCCOCCOCCOCCOC3=C(SC4=CC(C(C)(C)C)=CC(S2)=C4OCCCBr)C=C(C(C)(C)C)C=C3S5)C(SC6=CC(C(C)(C)C)=CC5=C6OCCCBr)=C1)(C)C,test
180,Group 13/180.log,Group 13,Group 13,180.log,CC(C1=CC2=C(OCCOCCOCCOCCOCCOC3=C(SC4=CC(C(C)(C)C)=CC(S2)=C4OC)C=C(C(C)(C)C)C=C3S5)C(SC6=CC(C(C)(C)C)=CC5=C6OC)=C1)(C)C,test
181,Group 14/181.log,Group 14,Group 14,181.log,CC(C)(C1=CC(CC2=C(C(CC(C=C(C=C3C4)C(C)(C)C)=C3OCC#CC(C5=CC=CC=C5)=O)=CC(C(C)(C)C)=C2)OCC#CC(C6=CC=CC=C6)=O)=C(OCC#CC(C7=CC=CC=C7)=O)C(CC8=CC(C(C)(C)C)=CC4=C8OCC#CC(C9=CC=CC=C9)=O)=C1)C,test
183,Group 14/183.log,Group 14,Group 14,183.log,CC(C)(C1=CC(CC2=C(C(CC(C=C(C=C3C4)C(C)(C)C)=C3OCC#CC(C5=CC=C(Cl)C=C5)=O)=CC(C(C)(C)C)=C2)OCC#CC(C6=CC=C(Cl)C=C6)=O)=C(OCC#CC(C7=CC=C(Cl)C=C7)=O)C(CC8=CC(C(C)(C)C)=CC4=C8OCC#CC(C9=CC=C(Cl)C=C9)=O)=C1)C,test
186,Group 14/186.log,Group 14,Group 14,186.log,CC(C1=CC2=C(OCC#CC(C3=CC=C(C)C=C3)=O)C(CC4=CC(C(C)(C)C)=CC(CC5=CC(C(C)(C)C)=CC(CC6=CC(C(C)(C)C)=CC(C2)=C6OCC#CC(C7=CC=C(C)C=C7)=O)=C5OCC#CC(C8=CC=C(C)C=C8)=O)=C4OCC#CC(C9=CC=C(C)C=C9)=O)=C1)(C)C,test
199,Group 15/199.log,Group 15,Group 15,199.log,CC(C)(C)C1=CC(CC2=C3)=C(OCO)C(CC4=CC(C(C)(C)C)=CC(CC5=CC(C(C)(C)C)=CC(CC(C=C3C(C)(C)C)=C2OCC(O)=O)=C5OCC(O)=O)=C4OCC(O)=O)=C1.O=[C],test
202,Group 15/202.log,Group 15,Group 15,202.log,OC1=C(SC2=C(C(SC3=C(O)C(SC4=CC(C(C)(C)C)=CC(SC1=C5)=C4OCCN6C(C(OC)=O)=C(C(OC)=O)N=N6)=CC(C(C)(C)C)=C3)=CC(C(C)(C)C)=C2)OCCN7N=NC(C(OC)=O)=C7C(OC)=O)C=C5C(C)(C)C,test
209,Group 16/209.log,Group 16,Group 16,209.log,OC1=C(SC2=C(C(SC3=C(O)C(SC4=CC(C(C)(C)C)=CC(SC1=C5)=C4OCCCN6C(C(C=CC=C7)=C7C6=O)=O)=CC(C(C)(C)C)=C3)=CC(C(C)(C)C)=C2)OCCCN8C(C(C=CC=C9)=C9C8=O)=O)C=C5C(C)(C)C,test
211,Group 16/211.log,Group 16,Group 16,211.log,CC(C1=CC2=C(OCCOCCOCCOCCOCCOC3=C(SC4=CC(C(C)(C)C)=CC(S2)=C4OCCN5C(C(C=CC=C6)C6C5=O)=O)C=C(C(C)(C)C)C=C3S7)C(SC8=CC(C(C)(C)C)=CC7=C8OCCN9C(C(C=CC=C%10)C%10C9=O)=O)=C1)(C)C,test
219,Group 17/219.log,Group 17,Group 17,219.log,CC(C1=CC2=C(OCCCCC3=CC(C4=CC=CC=C4)=NO3)C(SC5=CC(C(C)(C)C)=CC(SC6=CC(C(C)(C)C)=CC(SC7=CC(C(C)(C)C)=CC(S2)=C7OCCCCC8=CC(C9=CC=CC=C9)=NO8)=C6OCCCCC%10=CC(C%11=CC=CC=C%11)=NO%10)=C5OCCCCC%12=CC(C%13=CC=CC=C%13)=NO%12)=C1)(C)C,test
222,Group 18/222.log,Group 18,Group 18,222.log,CC(C1=CC2=C(OCCOCCOCCOCCOC3=C(SC4=CC(C(C)(C)C)=CC(S2)=C4OCCCOC5=CC(C6=NC=CC=C6)=NC(C7=CC=CC=N7)=C5)C=C(C(C)(C)C)C=C3S8)C(SC9=CC(C(C)(C)C)=CC8=C9OCCCOC%10=CC(C%11=NC=CC=C%11)=NC(C%12=CC=CC=N%12)=C%10)=C1)(C)C,test
227,Group 19/227.log,Group 19,Group 19,227.log,OC1=C(SC2=C(C(SC3=C(O)C(SC4=CC(C(C)(C)C)=CC(SC1=C5)=C4OCCCSCC)=CC(C(C)(C)C)=C3)=CC(C(C)(C)C)=C2)OCCCSCC)C=C5C(C)(C)C,test
234,Group 19/234.log,Group 19,Group 19,234.log,CC(C1=CC2=C(OCCOCCO)C(SC3=CC(C(C)(C)C)=CC(SC4=CC(C(C)(C)C)=CC(SC5=CC(C(C)(C)C)=CC(S2)=C5OCCSCC(OC)=O)=C4OCCOCCO)=C3OCCSCC(OC)=O)=C1)(C)C,test
239,Group 19/239.log,Group 19,Group 19,239.log,CC(C1=CC2=C(OCCSCCCCCCCC)C(SC3=CC(C(C)(C)C)=CC(SC4=CC(C(C)(C)C)=CC(SC5=CC(C(C)(C)C)=CC(S2)=C5OCCCCC#C)=C4OCCSCCCCCCCC)=C3OCCCCC#C)=C1)(C)C,test
242,Group 19/242.log,Group 19,Group 19,242.log,CC(C1=CC2=C(OCCSCCCCCCCC)C(SC3=CC(C(C)(C)C)=CC(SC4=CC(C(C)(C)C)=CC(SC5=CC(C(C)(C)C)=CC(S2)=C5OCCCN6C(C(OC)=O)=C(C(OC)=O)N=N6)=C4OCCSCCCCCCCC)=C3OCCCN7N=NC(C(OC)=O)=C7C(OC)=O)=C1)(C)C,test
247,Group 20/247.log,Group 20,Group 20,247.log,CC(C1=CC2=C(OCCCSCCOCCSCCCOC3=C(SC4=CC(C(C)(C)C)=CC(S2)=C4OCCCCCCCCCCCC)C=C(C(C)(C)C)C=C3S5)C(SC6=CC(C(C)(C)C)=CC5=C6OCCCCCCCCCCCC)=C1)(C)C,test
250,Group 21/250.log,Group 21,Group 21,250.log,CC(C1=CC2=C(OCCSCCCCCCCC)C(SC3=CC(C(C)(C)C)=CC(SC4=CC(C(C)(C)C)=CC(SC5=CC(C(C)(C)C)=CC(S2)=C5OCCCC6=CN(C7=CC(C8=NC=CC=C8)=NC(C9=CC=CC=N9)=C7)N=N6)=C4OCCSCCCCCCCC)=C3OCCCC%10=CN(C%11=CC(C%12=NC=CC=C%12)=NC(C%13=CC=CC=N%13)=C%11)N=N%10)=C1)(C)C,test
255,Group 22/255.log,Group 22,Group 22,255.log,CC(C1=CC2=C(OCCOCCOCCOC3=C(SC4=CC(C(C)(C)C)=CC(S2)=C4OCCSC(C)=O)C=C(C(C)(C)C)C=C3S5)C(SC6=CC(C(C)(C)C)=CC5=C6OCCSC(C)=O)=C1)(C)C,test
261,Group 22/261.log,Group 22,Group 22,261.log,CC(C1=CC2=C(OCCOCCOCCOCCOC3=C(SC4=CC(C(C)(C)C)=CC(S2)=C4OCCCSCC)C=C(C(C)(C)C)C=C3S5)C(SC6=CC(C(C)(C)C)=CC5=C6OCCCSCC)=C1)(C)C,test
